{"type":"footer","name":"Footer Group","sections":{"mobile_bottom_nav_pA4ghC":{"type":"mobile-bottom-nav","blocks":{"nav_item_krHG48":{"type":"nav_item","settings":{"label":"Home","link":"\/","icon":"home"}},"nav_item_m699B9":{"type":"nav_item","settings":{"label":"Shop","link":"\/collections\/all-products-in-store","icon":"shop"}},"nav_item_MWMEWF":{"type":"nav_item","settings":{"label":"Cart","link":"\/cart","icon":"cart"}}},"block_order":["nav_item_krHG48","nav_item_m699B9","nav_item_MWMEWF"],"name":"Mobile Bottom Nav","settings":{"show_labels":true,"background_color":"#ffffff","icon_text_color":"#333333"}},"71427e54-3d70-44fa-b8db-f95b776e6293":{"type":"footer-02","blocks":{"sections--14867777290325__71427e54-3d70-44fa-b8db-f95b776e6293-newsletter-1":{"type":"newsletter","settings":{"custom_width":"40","show_newsletter":true,"newsletter_style":"style1","newsletter_margin_bottom":20,"newsletter_padding_bottom":0,"enable_border_bottom":false,"border_block_color":"#ffffff","heading":"Newsletter Sign Up","subtext":"<p>Sign up for exclusive updates, new arrivals & insider only discounts<\/p>","mg_top_des":0,"mg_bottom_des":10,"spacing_input":10,"newsletter_form_width":420,"input_text":"enter your email address","input_color":"#122333","input_color_bg":"#ffffff","input_color_border":"#d3d3d3","button_text":"Submit","button_width":140,"button_color":"#122333","button_color_border":"#ffc200","button_color_bg":"#ffc200","button_color_bg_gradient":"","button_color_hover":"#122333","button_color_border_hover":"#122333","button_color_bg_hover":"#ffffff","button_color_bg_gradient_hover":"","check_text":"","check_text_color":"#808080","check_text_fontsize":14,"check_input_color":"#ffffff","social_heading":"Follow Us on Social","show_social":false,"enable_bg_social":false,"social_margin_top":35,"social_icon_width":12,"social_icon_padding":12,"social_icon_border_width":1,"social_icon_margin_right":11,"social_color":"#282828","social_border_color":"#ffffff","social_background_color":"#ffffff","social_background_color_gradient":"","social_color_hover":"#282828","social_border_color_hover":"#ffffff","social_background_color_hover":"#ffffff","social_background_color_gradient_hover":"","social_box_hover_color":"#ffffff"}},"sections--14867777290325__71427e54-3d70-44fa-b8db-f95b776e6293-link_list-1":{"type":"link_list","settings":{"custom_width":"20","heading":"Links","menu":"footer-menu-2","mg_bottom":0,"icons_heading":"","Show_links":false}},"sections--14867777290325__71427e54-3d70-44fa-b8db-f95b776e6293-link_list-2":{"type":"link_list","settings":{"custom_width":"20","heading":"Information","menu":"footer","mg_bottom":0,"icons_heading":"Follow Us on Social","Show_links":true}},"sections--14867777290325__71427e54-3d70-44fa-b8db-f95b776e6293-link_list-3":{"type":"link_list","disabled":true,"settings":{"custom_width":"16.6","heading":"Customer Service","menu":"","mg_bottom":0,"icons_heading":"","Show_links":false}},"d632485c-4345-4b99-a559-0fbea9fa5612":{"type":"footer_bottom","settings":{"pdtop_footer_bottom":20,"pdbottom_footer_bottom":20,"border_top":true,"footer_bottom_color":"#cfcfcf","border_top_color":"#4d8b96","footer_bottom_bg":"#33494d","footer_bottom_bg_gradient":"","show_copyright":true,"enable_layout_grid":true,"copyright_content":"<p>Kies Motorsports. All Rights Reserved. <a href=\"https:\/\/www.kiesmotorsports.com\/policies\/terms-of-service\"><span style=\"text-decoration:underline\">Terms and Conditions.<\/span><\/a><\/p>","copyright_content_color":"","show_payment":true,"payment_margin_top":10,"heading_payment":"","payment_type":"custom","show_payment_visa":true,"show_payment_master":true,"show_payment_maestro":false,"show_payment_american_express":true,"show_payment_apple_pay":true,"show_payment_bitcoin":false,"show_payment_dankort":false,"show_payment_diners_club":false,"show_payment_discover":true,"show_payment_paypal":true,"show_payment_dogecoin":false,"show_payment_dwolla":false,"show_payment_forbrugsforeningen":false,"show_payment_jcb":false,"show_payment_litecoin":false,"show_payment_afterpay":false,"show_payment_google_pay":false,"show_payment_ideal":false,"show_payment_klarna":false,"show_payment_klarna-pay-later":false,"show_payment_shopify_pay":true,"show_payment_sofort":false}}},"block_order":["sections--14867777290325__71427e54-3d70-44fa-b8db-f95b776e6293-newsletter-1","sections--14867777290325__71427e54-3d70-44fa-b8db-f95b776e6293-link_list-1","sections--14867777290325__71427e54-3d70-44fa-b8db-f95b776e6293-link_list-2","sections--14867777290325__71427e54-3d70-44fa-b8db-f95b776e6293-link_list-3","d632485c-4345-4b99-a559-0fbea9fa5612"],"settings":{"container":"1170","padding_full_width":15,"type_footer_heading":"font_1","type_footer_heading_font_size":18,"type_footer_heading_font_weight":"500","type_footer_heading_text_transform":"uppercase","type_footer_heading_line_height":18,"type_footer_heading_letter_spacing":".02em","type_footer_link":"font_1","type_footer_link_font_size":15,"type_footer_link_font_weight":"400","type_footer_link_text_transform":"capitalize","type_footer_link_line_height":36,"type_footer_link_letter_spacing":".02em","border_footer_top_color":"#087186","pdtop_footer_top":30,"pdbottom_footer_top":20,"footer_top_bg":"#0e141b","footer_top_bg_gradient":"radial-gradient(rgba(51, 73, 77, 1), rgba(14, 20, 27, 1) 100%)","show_footer_top_bg_img":false,"footer_top_bg_position_x":"center","footer_top_bg_position_y":"center","footer_top_bg_repeat":"no-repeat","footer_top_bg_attachment":"fixed","footer_top_bg_size":"cover","footer_top_text_align":"left","footer_top_title_color":"#ffffff","footer_top_color_link":"#cfcfcf","footer_top_color_link_hover":"#ffc72c"}}},"order":["mobile_bottom_nav_pA4ghC","71427e54-3d70-44fa-b8db-f95b776e6293"]}