{
  "type": "header",
  "name": "Header Group",
  "sections": {
    "announcement-bar": {
      "type": "announcement-bar",
      "blocks": {
        "d7e6df06-7814-4add-9419-798bbd57c0a7": {
          "type": "countdown",
          "disabled": true,
          "settings": {
            "top_message_text": "OUR CYBER MONDAY SALE ENDS IN:",
            "annou_countdown": "Dec 02, 2024 23:59:00",
            "color_countdown_text": "#000000",
            "border_color_countdown": "#f7f8fa",
            "bg_color_countdown": "#f7f8fa"
          }
        },
        "announcement-bar-0": {
          "type": "announcement",
          "settings": {
            "text": "<div class=\"message\">\n  <a href=\"https:\/\/www.kiesmotorsports.com\/collections\/newest-kies-products\">NEW PRODUCTS AVAILABLE!!! ....... CLICK HERE<\/a>\n\n<button class=\"announcement-btn app-popup-trigger\">\n    📱 Download Our App\n  <\/button>\n<\/div>",
            "btn_color": "#ffc21e",
            "btn_border_color": "#727272",
            "btn_bg_color": "#000000",
            "btn_bg_color_gradient": "linear-gradient(46deg, rgba(NaN, NaN, NaN, 0) 13%, rgba(170, 248, 219, 1) 86%)"
          }
        }
      },
      "block_order": [
        "d7e6df06-7814-4add-9419-798bbd57c0a7",
        "announcement-bar-0"
      ],
      "settings": {
        "enable_announcement": true,
        "layout": "scroll",
        "enable_close": false,
        "color_text": "#fffe00",
        "bg_color_text": "#000000",
        "bg_color_text_gradient": "",
        "font_size_text": 16,
        "font_style_text": "normal",
        "font_weight_text": "600",
        "arrow_active": false,
        "content_max_width": 38,
        "padding_top": 0,
        "padding_bottom": 0
      }
    },
    "header-mobile": {
      "type": "header-mobile",
      "blocks": {
        "7de2266e-0cd4-4fda-9f09-06f75a17f944": {
          "type": "menu",
          "settings": {
            "color": "#000000",
            "menu_tab_bg": "#000000"
          }
        },
        "163e2cb5-14f2-4af6-9ac3-77193c082f53": {
          "type": "search",
          "settings": {
            "color": "#000000"
          }
        },
        "550fbd21-75fb-4051-9dee-77d91b5239f0": {
          "type": "logo",
          "settings": {
            "logo_mobile": "shopify:\/\/shop_images\/LOGO_cbe05a3d-07ee-4bf2-9923-f0dce33d3d36.png",
            "logo_width_mobile": 120,
            "logo_text": "",
            "logo_font_size": 20,
            "logo_font_weight": "900",
            "logo_text_transform": "uppercase",
            "logo_color": "#232323"
          }
        },
        "20dae707-64c0-4ea3-a05e-561cae9836d8": {
          "type": "customer",
          "settings": {
            "icon": "1",
            "color": "#000000"
          }
        },
        "633f9dae-3f65-4bda-9ca8-9d3e231aaf9d": {
          "type": "cart",
          "settings": {
            "icon": "2",
            "color": "#000000",
            "color_bubble": "#ffffff",
            "bg_bubble": "#000000"
          }
        }
      },
      "block_order": [
        "7de2266e-0cd4-4fda-9f09-06f75a17f944",
        "163e2cb5-14f2-4af6-9ac3-77193c082f53",
        "550fbd21-75fb-4051-9dee-77d91b5239f0",
        "20dae707-64c0-4ea3-a05e-561cae9836d8",
        "633f9dae-3f65-4bda-9ca8-9d3e231aaf9d"
      ],
      "settings": {
        "background": "#ffffff",
        "gradient": "",
        "sticky_header_type": "on_scroll",
        "enable_transparent": false,
        "transparent_color": "#ffffff",
        "transparent_border_color": "",
        "padding_top": 0,
        "padding_bottom": 0
      }
    },
    "0ac4e3d3-435d-4737-a18f-f7c10612da1f": {
      "type": "header-single-line",
      "blocks": {
        "sections--14867777323093__0ac4e3d3-435d-4737-a18f-f7c10612da1f-logo-1": {
          "type": "logo",
          "settings": {
            "logo": "shopify:\/\/shop_images\/LOGO_cbe05a3d-07ee-4bf2-9923-f0dce33d3d36.png",
            "logo_width": 160,
            "logo_text": "",
            "logo_font_size": 30,
            "logo_font_weight": "900",
            "logo_text_transform": "uppercase",
            "logo_color": "#ffffff"
          }
        },
        "sections--14867777323093__0ac4e3d3-435d-4737-a18f-f7c10612da1f-search-1": {
          "type": "search",
          "settings": {
            "show_box_shadow": false,
            "search_color": "#000000",
            "search_icon_color": "#000000",
            "bg_search_color": "#f1f1f1",
            "search_border_radius": 10
          }
        },
        "454c134f-98cc-4775-b515-2dc42fffff71": {
          "type": "text",
          "settings": {
            "customer_service_text": "",
            "text_size": 16,
            "color": "#ffffff"
          }
        },
        "loyalty_hjW68j": {
          "type": "loyalty",
          "settings": {
            "loyalty_url": "https:\/\/www.kiesmotorsports.com\/pages\/kies-loyalty-program",
            "loyalty_icon": "shopify:\/\/shop_images\/REWARDSICON2.png"
          }
        },
        "88ee62db-7ffc-4194-8b35-8164bb45fc3e": {
          "type": "contact",
          "settings": {
            "color": "#000000"
          }
        },
        "sections--14867777323093__0ac4e3d3-435d-4737-a18f-f7c10612da1f-customer-1": {
          "type": "customer",
          "settings": {
            "color": "#000000"
          }
        },
        "sections--14867777323093__0ac4e3d3-435d-4737-a18f-f7c10612da1f-cart-1": {
          "type": "cart",
          "settings": {
            "color": "#000000",
            "cart_bg_item": "#000000",
            "cart_color_item": "#ffffff",
            "cart_item_font_size": 14
          }
        }
      },
      "block_order": [
        "sections--14867777323093__0ac4e3d3-435d-4737-a18f-f7c10612da1f-logo-1",
        "sections--14867777323093__0ac4e3d3-435d-4737-a18f-f7c10612da1f-search-1",
        "454c134f-98cc-4775-b515-2dc42fffff71",
        "loyalty_hjW68j",
        "88ee62db-7ffc-4194-8b35-8164bb45fc3e",
        "sections--14867777323093__0ac4e3d3-435d-4737-a18f-f7c10612da1f-customer-1",
        "sections--14867777323093__0ac4e3d3-435d-4737-a18f-f7c10612da1f-cart-1"
      ],
      "custom_css": [],
      "settings": {
        "container": "1170",
        "padding_full_width": 0,
        "header_bg": "#ffffff",
        "header_bg_gradient": "linear-gradient(0deg, rgba(255, 255, 255, 1) 72%, rgba(227, 223, 222, 1) 88%, rgba(127, 131, 131, 1) 100%)",
        "header_text_transform": "capitalize",
        "padding_top": 12,
        "padding_bottom": 10
      }
    },
    "9c03747e-b054-4db8-8194-5a35c71f82ca": {
      "type": "header-navigation-plain",
      "blocks": {
        "54786c97-e881-45f5-a30a-6fdb552a963e": {
          "type": "main_menu",
          "settings": {
            "menu": "main-menu",
            "porsche_menu": "porsche-menu",
            "bmw_menu": "bmw-menu",
            "menu_top_spacing": 11,
            "menu_bottom_spacing": 12,
            "grid_gap_menu_item": 20,
            "alignment": "left",
            "bg_mega_menu": "#ffffff",
            "bg_mega_menu_gradient": "",
            "lv_1_color": "#000000",
            "lv_1_color_hover": "#727272",
            "lv_2_color": "#232323",
            "lv_2_color_hover": "#232323",
            "lv_3_color": "#3c3c3c",
            "lv_3_color_hover": "#3c3c3c",
            "sale_item_1": "",
            "sale_item_2": "",
            "sale_item_3": "",
            "sale_item_color": "#000000",
            "label_position": "main_menu",
            "show_label_blink": false,
            "new_label_1": "",
            "new_label_2": "",
            "new_label_3": "",
            "new_label_color": "#ffffff",
            "new_label_bg": "#000000",
            "new_label_bg_gradient": "",
            "sale_label_1": "",
            "sale_label_2": "",
            "sale_label_3": "",
            "sale_label_color": "#ffffff",
            "sale_label_bg": "#000000",
            "sale_label_bg_gradient": "",
            "hot_label_1": "",
            "hot_label_2": "",
            "hot_label_3": "",
            "hot_label_color": "#ffffff",
            "hot_label_bg": "#000000",
            "hot_label_bg_gradient": ""
          }
        }
      },
      "block_order": [
        "54786c97-e881-45f5-a30a-6fdb552a963e"
      ],
      "custom_css": [
        ".menu-lv-1:last-child .text {background-color: black; padding-top: 6px; padding-bottom: 6px; padding-left: 8px; padding-right: 8px; color: yellow;}",
        ".menu-lv-2:last-child .text {background-color: transparent; padding: 0px; border-style: #solid; border-color: #; color: black;}",
        ".menu-lv-2: .text {background-color: transparent; padding: 5px; border-style: #solid; border-color: #; color: black;}"
      ],
      "settings": {
        "container": "1170",
        "padding_full_width": 0,
        "header_navigation_bg": "#ffffff",
        "header_navigation_bg_gradient": "",
        "sticky_header_type": "on_scroll",
        "sticky_header_width": "full",
        "enable_transparent": false,
        "transparent_color": "#000000",
        "transparent_color_hover": "#ffffff",
        "border_color": "rgba(0,0,0,0)"
      }
    },
    "bmw_custom_assets_MdbByh": {
      "type": "bmw-custom-assets",
      "name": "Custom BMW JS\/CSS",
      "settings": {}
    },
    "porsche_custom_assets_rgypgM": {
      "type": "porsche-custom-assets",
      "name": "Custom Porsche JS\/CSS",
      "settings": {}
    },
    "app_popup_itYgMq": {
      "type": "app-popup",
      "name": "App Popup Section",
      "settings": {
        "title": "Install Our App",
        "ios_instructions": "<p>Scroll down, and then [+] Add to Home Screen.<\/p>",
        "android_instructions": "<p>Tap the menu (⋮) icon in your Browser, then select Add to Home screen.<\/p>",
        "desktop_instructions": "<p>This feature is only available on mobile browsers.<\/p>"
      }
    }
  },
  "order": [
    "announcement-bar",
    "header-mobile",
    "0ac4e3d3-435d-4737-a18f-f7c10612da1f",
    "9c03747e-b054-4db8-8194-5a35c71f82ca",
    "bmw_custom_assets_MdbByh",
    "porsche_custom_assets_rgypgM",
    "app_popup_itYgMq"
  ]
}
