{"current":{"layout_body":"default","body_custom_width_size":1690,"mobile_menu":"default","product_page_layout":"default","type_font_1":"shopify_fonts","type_font_1_name":"","type_font_1_font":"rajdhani_n7","type_font_2":"shopify_fonts","type_font_2_name":"Sans-Serif","type_font_2_font":"rajdhani_n4","type_body":"font_2","type_body_font_size":14,"type_body_font_weight":"900","type_body_line_height":22,"type_heading":"font_1","type_heading_font_size":37,"type_heading_font_weight":"800","type_heading_text_transform":"capitalize","type_heading_line_height":10,"type_heading_letter_spacing":".05em","type_menu_lv_1":"font_2","type_menu_lv1_font_size":15,"type_menu_lv1_font_weight":"800","type_menu_lv1_text_transform":"capitalize","type_menu_lv1_line_height":22,"type_menu_lv1_letter_spacing":".05em","type_menu_lv_2":"font_1","type_menu_lv2_font_size":15,"type_menu_lv2_font_weight":"400","type_menu_lv2_text_transform":"capitalize","type_menu_lv2_line_height":22,"type_menu_lv2_letter_spacing":".02em","type_menu_lv_3":"font_1","type_menu_lv3_font_size":15,"type_menu_lv3_font_weight":"700","type_menu_lv3_text_transform":"capitalize","type_menu_lv3_line_height":22,"type_menu_lv3_letter_spacing":".02em","type_mega_menu_lv_2":"font_1","type_mega_menu_lv2_font_size":15,"type_mega_menu_lv2_font_weight":"600","type_mega_menu_lv2_text_transform":"uppercase","type_mega_menu_lv2_line_height":22,"type_mega_menu_lv2_letter_spacing":".02em","type_mega_menu_lv_3":"font_1","type_mega_menu_lv3_font_size":15,"type_mega_menu_lv3_font_weight":"400","type_mega_menu_lv3_text_transform":"capitalize","type_mega_menu_lv3_line_height":22,"type_mega_menu_lv3_letter_spacing":".02em","product_title_font":"font_1","product_title_font_size":15,"product_title_font_weight":"600","product_title_text_transform":"capitalize","product_title_line_height":22,"product_title_letter_spacing":".02em","product_title_line_text":"3","product_vendor_font_size":12,"product_price_font_weight":"700","product_quickview_font_size":15,"blog_title_font":"font_2","blog_title_font_size":20,"blog_title_font_weight":"700","blog_title_text_transform":"uppercase","blog_title_line_height":29,"blog_title_letter_spacing":".09em","type_button_1":"font_1","type_button_1_font_size":14,"type_button_1_font_weight":"700","type_button_1_text_transform":"uppercase","button_1_line_height":10,"button_1_letter_spacing":".05em","button_1_border_radius":0,"button_1_border_style":"solid","button_1_text_align":"center","button_1_padding_top":10,"button_1_padding_bottom":10,"button_1_horizontal_length":0,"button_1_vertical_length":0,"button_1_blur_radius":0,"btn_1_bg_box_shadow":"rgba(0,0,0,0)","button_1_opacity":"0.5","button_1_inset":"no","type_button_2":"font_2","type_button_2_font_size":18,"type_button_2_font_weight":"700","type_button_2_text_transform":"uppercase","button_2_line_height":23,"button_2_letter_spacing":".05em","button_2_border_radius":6,"button_2_text_align":"right","button_2_padding_top":20,"button_2_padding_bottom":20,"button_2_horizontal_length":4,"button_2_vertical_length":4,"button_2_blur_radius":7,"btn_2_bg_box_shadow":"#000000","button_2_opacity":"0.5","type_page_title_font_size":20,"type_page_title_font_weight":"700","type_page_title_letter_spacing":".05em","favicon":"shopify:\/\/shop_images\/LOGO-K_black_with_space.jpg","show_wishlist":false,"show_effect_close":true,"show_global_checkbox":true,"global_checkbox_text":"I agree with","global_checkbox_link_text":"Terms & Conditions","global_checkbox_content":"THESE TERMS AND CONDITIONS CONTAIN VERY IMPORTANT INFORMATION ABOUT YOUR RIGHTS AND OBLIGATIONS, AS WELL AS CONDITIONS, LIMITATIONS, AND EXCLUSIONS THAT MIGHT APPLY TO YOU. PLEASE READ THEM CAREFULLY.\n<br><br>\nTHESE TERMS REQUIRE THE USE OF ARBITRATION (ON AN INDIVIDUAL BASIS ONLY) TO RESOLVE DISPUTES, RATHER THAN JURY TRIALS.\n<br><br>\nBY PLACING AN ORDER FOR PRODUCTS OR SERVICES FROM OUR WEBSITE, YOU AFFIRM THAT YOU ARE OF LEGAL AGE TO ENTER INTO THIS AGREEMENT, AND YOU ACCEPT AND ARE BOUND BY THESE TERMS AND CONDITIONS. \n<br><br>\nYOU MAY NOT ORDER OR OBTAIN PRODUCTS OR SERVICES FROM OUR WEBSITE IF YOU (i) DO NOT AGREE TO THESE TERMS, (ii) ARE NOT OF LEGAL AGE TO FORM A BINDING CONTRACT, OR (iii) ARE PROHIBITED FROM ACCESSING OR USING THIS WEBSITE OR ANY OF THIS WEBSITE'S CONTENTS, PRODUCTS OR SERVICES BY APPLICABLE LAW.\n<br><br>\nThese terms and conditions (these \"Terms\") apply to the purchase and sale of products and services from KIES MOTORSPORTS, LLC (the “Company”) through <a style=\"color: var(--color-link-hover);\" href=\"http:\/\/www.kiesmotorsports.com\"> www.kiesmotorsports.com<\/a> (the \"Site\"). These Terms are subject to change by the Company (referred to as \"us\", \"we\", or \"our\" as the context may require) without prior written notice at any time, in our sole discretion. Any changes to these Terms will be in effect as of the \"Last Updated” date referenced above or on the Site. You should review these Terms prior to purchasing any product or services that are available through the Site. Your continued use of the Site after the \"Last Updated” date will constitute your acceptance of and agreement to such changes.\n<br><br>\nOrder Acceptance and Cancellation. You agree that your order is an offer to buy, under these Terms, all products and services listed in your order. All orders must be accepted by us or we will not be obligated to sell the products or services to you. We may choose not to accept orders at our sole discretion, even after we send you a confirmation email with your order number and details of the items you have ordered.\n<br><br>\nPrices and Payment Terms. \n<br><br>\nAll prices, discounts, and promotions posted on this Site are subject to change without notice. The price charged for a product or service will be the price advertised on this Site at the time the order is placed, subject to the terms of any promotions or discounts that may be applicable. The price charged will be clearly stated in your order confirmation. Price increases will only apply to orders placed after the time of the increase. Posted prices do not include taxes or charges for shipping and handling. All such taxes and charges will be added to your total price, and will be itemized in your shopping cart and in your order confirmation email. We strive to display accurate price information, however we may, on occasion, make inadvertent typographical errors, inaccuracies or omissions related to pricing and availability. We reserve the right to correct any errors, inaccuracies, or omissions at any time and to cancel any orders arising from such occurrences. \n<br><br>\nTerms of payment are within our sole discretion and, unless otherwise agreed by us in writing, payment must be received by us before our acceptance of an order. You represent and warrant that (i) the credit card information you supply to us is true, correct and complete, (ii) you are duly authorized to use such credit card for the purchase, (iii) charges incurred by you will be honored by your credit card company, and (iv) you will pay charges incurred by you at the posted prices, including shipping and handling charges and all applicable taxes, if any, regardless of the amount quoted on the Site at the time of your order.\n<br><br>\nShipments; Delivery; Title and Risk of Loss. \n<br><br>\nWe will arrange for shipment of the products you order through the Site to you. Please check the individual product page for specific delivery options. You will pay all shipping and handling charges unless otherwise specified in the order confirmation.\n<br><br>\nTitle and risk of loss pass to you upon our transfer of the products to the carrier\/delivery. Shipping and delivery dates are estimates only and cannot be guaranteed. We are not liable for any delays in shipments.\n<br><br>\nALL SALES FINAL. ALL SALES AND PURCHASES THROUGH THE SITE ARE FINAL UNLESS WE EXPRESSLY AGREE OTHERWISE IN WRITING. WE DO NOT ACCEPT RETURNS OR OFFER REFUNDS ON ANY PRODUCTS OR SERVICES SOLD THROUGH THE SITE.\n<br><br>\nManufacturer's Warranty and Disclaimers. \n<br><br>\nWe do not manufacture or control any of the products offered on our Site. Accordingly, we do not provide any warranties with respect to the products offered on our Site. However, the products offered on our Site may be covered by the manufacturer's warranty as included with the product. To obtain warranty service for defective products, please follow the instructions included in the manufacturer's warranty.\n<br><br>\nWe do not provide any warranty or guarantee (whether express or implied) with respect to the services offered through our Site (e.g., installation of third-party products by the Company or its agents). \n<br><br>\nALL PRODUCTS AND SERVICES OFFERED ON THIS SITE ARE PROVIDED \"AS IS\" WITHOUT ANY WARRANTY WHATSOEVER, INCLUDING, WITHOUT LIMITATION, ANY (A) WARRANTY OF MERCHANTABILITY; (B) WARRANTY OF FITNESS FOR A PARTICULAR PURPOSE; OR (C) WARRANTY AGAINST INFRINGEMENT OF INTELLECTUAL PROPERTY RIGHTS OF A THIRD PARTY; WHETHER EXPRESS OR IMPLIED BY LAW, COURSE OF DEALING, COURSE OF PERFORMANCE, USAGE OF TRADE, OR OTHERWISE.\n<br><br>\nSOME JURISDICTIONS LIMIT OR DO NOT ALLOW THE DISCLAIMER OF IMPLIED OR OTHER WARRANTIES, SO THE ABOVE DISCLAIMER MAY NOT APPLY TO YOU.\n<br><br>\nYOU AFFIRM THAT WE SHALL NOT BE LIABLE, UNDER ANY CIRCUMSTANCES, FOR ANY BREACH OF WARRANTY CLAIMS OR FOR ANY DAMAGES ARISING OUT OF THE MANUFACTURER'S FAILURE TO HONOR ITS WARRANTY OBLIGATIONS TO YOU.\n<br><br>\nCOMPLIANCE WITH LAWS.  YOU UNDERSTAND AND ACKNOWLEDGE THAT IT IS YOUR RESPONSIBILITY AND OBLIGATION TO DETERMINE WHETHER YOUR PURCHASE, INSTALLATION OR USE OF ANY PRODUCT OR SERVICE OFFERED OR SOLD ON THE SITE COMPLIES WITH ALL APPLICABLE LAWS, INCLUDING, WITHOUT LIMITATION, ALL U.S. FEDERAL, STATE AND LOCAL LAWS AS WELL AS THE LAWS OF ANY FOREIGN JURISDICTION(S) THAT MAY APPLY TO YOU. THE COMPANY SHALL NOT BE LIABLE FOR, AND YOU AGREE TO INDEMNIFY, DEFEND AND HOLD THE COMPANY AND ITS MEMBERS, MANAGERS, EMPLOYEES, OFFICERS, DIRECTORS, AGENTS, AFFILIATES, SUBSIDIARIES, PARENT COMPANIES, SUCCESSORS AND ASSIGNS HARMLESS FROM AND AGAINST, ANY AND ALL CLAIMS, LOSSES OR LIABILITIES WHATSOEVER ARISING OUT OF OR RELATED TO:\n<br><br>\nYOUR PURCHASE, INSTALLATION OR USE OF ANY PRODUCT OR SERVICE PROVIDED BY THE COMPANY;\n<br><br>\nYOUR MISUSE OF ANY PRODUCT OR SERVICE PURCHASED FROM THE COMPANY; OR\n<br><br>\nYOUR FAILURE TO COMPLY WITH ALL APPLICABLE LAWS, INCLUDING, WITHOUT LIMITATION, FEDERAL AND STATE EMISSIONS AND SAFETY REGULATIONS, TRAFFIC LAWS, AND LOCAL NOISE ORDINANCES, IN CONNECTION WITH THE USE OF ANY PRODUCT OR SERVICE PROVIDED BY THE COMPANY.\n<br><br>\nACKNOWLEDGMENT OF EMISSIONS RESTRICTIONS. YOU UNDERSTAND AND ACKNOWLEDGE THAT CERTAIN PRODUCTS AVAILABLE FOR PURCHASE AT THE SITE ARE INTENDED FOR OFF-ROAD OR TRACK\/COMPETITION USE ONLY AND ARE NOT INTENDED FOR PUBLIC STREET OR HIGHWAY USE IN ANY JURISDICTION WHERE APPLICABLE LAW RESTRICTS OR PROHIBITS SUCH USE. WE HAVE DONE OUR BEST TO IDENTIFY SUCH PRODUCTS CLEARLY ON THE SITE. HOWEVER, IT IS YOUR RESPONSIBILITY TO ENSURE THAT YOUR PURCHASE, INSTALLATION OR USE OF ANY PRODUCT OR SERVICE OFFERED OR SOLD ON OUR SITE COMPLIES WITH ALL APPLICABLE LAWS. THE COMPANY DOES NOT MAKE ANY REPRESENTATION, WARRANTY OR CLAIM (EXPRESS OR IMPLIED) TO YOU OR ANY OTHER PARTY REGARDING THE EMISSIONS COMPLIANCE OR EMISSIONS PERFORMANCE OF, OR THE LEGALITY FOR PUBLIC STREET OR HIGHWAY USE OF, THE PRODUCTS AND SERVICES PROVIDED BY THE COMPANY. FOR MORE INFORMATION REGARDING PRODUCT EMISSIONS COMPLIANCE, CONSULT WITH THE PRODUCT’S MANUFACTURER.\n<br><br>\nVehicle Warranties. In no event will the Company be liable or responsible to you for any loss of coverage under, denial of coverage under, or alteration or change to the terms of, any manufacturer’s or aftermarket warranty covering your vehicle that results from (directly or indirectly) the installation or use of any product or service purchased from the Company. For more information about warranty coverage and after-market parts, please refer to the Frequently Asked Questions section of the Site at <a style=\"color: var(--color-link-hover);\" href=\"https:\/\/www.kiesmotorsports.com\/faq\/\">https:\/\/www.kiesmotorsports.com\/faq\/. <\/a>\n<br><br>\nGoods Not for Resale or Export. You represent and warrant that you are buying products or services from the Site for your own use only, and not for resale or export. You further represent and warrant that all purchases are intended for final delivery to the location you identified in your order at the Site.\n<br><br>\nLimitation of Liability.  \n<br><br>\nIN NO EVENT SHALL WE BE LIABLE TO YOU OR ANY THIRD PARTY FOR CONSEQUENTIAL, INDIRECT, INCIDENTAL, SPECIAL, EXEMPLARY, PUNITIVE, OR ENHANCED DAMAGES, LOST PROFITS OR REVENUES OR DIMINUTION IN VALUE, ARISING OUT OF, OR RELATING TO, AND\/OR IN CONNECTION WITH ANY BREACH OF THESE TERMS, REGARDLESS OF (A) WHETHER SUCH DAMAGES WERE FORESEEABLE, (B) WHETHER OR NOT WE WERE ADVISED OF THE POSSIBILITY OF SUCH DAMAGES, AND (C) THE LEGAL OR EQUITABLE THEORY (CONTRACT, TORT OR OTHERWISE) UPON WHICH THE CLAIM IS BASED.\n<br><br>\nOUR SOLE AND ENTIRE MAXIMUM LIABILITY, FOR ANY REASON, AND YOUR SOLE AND EXCLUSIVE REMEDY FOR ANY CAUSE WHATSOEVER, SHALL BE LIMITED TO THE ACTUAL AMOUNT PAID BY YOU FOR THE PRODUCTS AND SERVICES YOU HAVE ORDERED THROUGH OUR SITE.\n<br><br>\nThe limitation of liability set forth in Section 11(b) shall (i) only apply to the extent permitted by law, and (ii) not apply to any liability resulting from our gross negligence or willful misconduct.\n<br><br>\nForce Majeure. We will not be liable or responsible to you, nor be deemed to have defaulted or breached these Terms, for any failure or delay in our performance under these Terms when and to the extent such failure or delay is caused by or results from acts or circumstances beyond our reasonable control, including, without limitation, acts of God, flood, fire, earthquake, explosion, governmental actions, war, invasion or hostilities (whether war is declared or not), terrorist threats or acts, riot or other civil unrest, national emergency, revolution, insurrection, epidemic, lockouts, strikes or other labor disputes (whether or not relating to our workforce), or restraints or delays affecting carriers or inability or delay in obtaining supplies of adequate or suitable materials, materials or telecommunication breakdown or power outage.\n<br><br>\nGoverning Law and Jurisdiction. All matters arising out of or relating to these Terms are governed by and construed in accordance with the internal laws of the State of New Jersey without giving effect to any choice or conflict of law provision or rule (whether of the State of New Jersey or any other jurisdiction) that would cause the application of the laws of any jurisdiction other than those of the State of New Jersey.\n<br><br>\nDispute Resolution and Binding Arbitration.\n<br><br>\nYOU AND THE COMPANY ARE AGREEING TO GIVE UP ANY RIGHTS TO LITIGATE CLAIMS IN A COURT OR BEFORE A JURY, OR TO PARTICIPATE IN A CLASS ACTION OR REPRESENTATIVE ACTION WITH RESPECT TO A CLAIM. OTHER RIGHTS THAT YOU WOULD HAVE IF YOU WENT TO COURT MAY ALSO BE UNAVAILABLE OR MAY BE LIMITED IN ARBITRATION.\n<br><br>\nANY CLAIM, DISPUTE OR CONTROVERSY (WHETHER IN CONTRACT, TORT OR OTHERWISE, WHETHER PRE-EXISTING, PRESENT OR FUTURE, AND INCLUDING STATUTORY, CONSUMER PROTECTION, COMMON LAW, INTENTIONAL TORT, INJUNCTIVE AND EQUITABLE CLAIMS) BETWEEN YOU AND US ARISING FROM OR RELATING IN ANY WAY TO YOUR PURCHASE OF PRODUCTS OR SERVICES THROUGH THE SITE, WILL BE RESOLVED EXCLUSIVELY AND FINALLY BY BINDING ARBITRATION.\n<br><br>\nThe arbitration will be administered by the American Arbitration Association (\"AAA\") in accordance with the Consumer Arbitration Rules (the \"AAA Rules\") then in effect, except as modified by this Section 14. (The AAA Rules are available at <a style=\"color: var(--color-link-hover);\" href=\"http:\/\/www.adr.org\/arb_med\">www.adr.org\/arb_med<\/a> or by calling the AAA at 1-800-778-7879.) The Federal Arbitration Act will govern the interpretation and enforcement of this section.\n<br><br>\nThe arbitrator will have exclusive authority to resolve any dispute relating to arbitrability and\/or enforceability of this arbitration provision, including any unconscionability challenge or any other challenge that the arbitration provision or the agreement is void, voidable, or otherwise invalid. The arbitrator will be empowered to grant whatever relief would be available in court under law or in equity. Any award of the arbitrator(s) will be final and binding on each of the parties, and may be entered as a judgment in any court of competent jurisdiction.\n<br><br>\nYou may elect to pursue your claim in small-claims court rather than arbitration if you provide us with written notice of your intention do so within 60 days of your purchase. The arbitration or small-claims court proceeding will be limited solely to your individual dispute or controversy.\n<br><br>\n You agree to an arbitration on an individual basis. In any dispute, NEITHER YOU NOR THE COMPANY WILL BE ENTITLED TO JOIN OR CONSOLIDATE CLAIMS BY OR AGAINST OTHER CUSTOMERS IN COURT OR IN ARBITRATION OR OTHERWISE PARTICIPATE IN ANY CLAIM AS A CLASS REPRESENTATIVE, CLASS MEMBER OR IN A PRIVATE ATTORNEY GENERAL CAPACITY. The arbitral tribunal may not consolidate more than one person's claims, and may not otherwise preside over any form of a representative or class proceeding. The arbitral tribunal has no power to consider the enforceability of this class arbitration waiver and any challenge to the class arbitration waiver may only be raised in a court of competent jurisdiction.\n<br><br>\nIf any provision of this arbitration agreement is found unenforceable, the unenforceable provision will be severed and the remaining arbitration terms will be enforced.\n<br><br>\nAssignment. You will not assign any of your rights or delegate any of your obligations under these Terms without our prior written consent. Any purported assignment or delegation in violation of this Section 15 is null and void. No assignment or delegation relieves you of any of your obligations under these Terms.\n<br><br>\nNo Waivers. The failure by us to enforce any right or provision of these Terms will not constitute a waiver of future enforcement of that right or provision. The waiver of any right or provision will be effective only if in writing and signed by a duly authorized representative of the Company.\n<br><br>\nNo Third-Party Beneficiaries. These Terms do not and are not intended to confer any rights or remedies upon any person or entity other than you.\n<br><br>\nNotices.\n<br><br>\nTo You. We may provide any notice to you under these Terms by: (i) sending a message to the email address you provide or (ii) by posting to the Site. Notices sent by email will be effective when we send the email and notices we provide by posting will be effective upon posting. It is your responsibility to keep your email address current.\n<br><br>\nTo Us. To give us notice under these Terms, you must contact us by either (i) using the “Contact Us” form provided at the Site <a style=\"color: var(--color-link-hover);\" href=\"https:\/\/www.kiesmotorsports.com\/contact\">(https:\/\/www.kiesmotorsports.com\/contact)<\/a>, or (ii) contacting us by email at <a style=\"color: var(--color-link-hover);\" href=\"mailto:info@kiesmotorsports.com\"> info@kiesmotorsports.com.<\/a> We may update the method for notices to us by posting a notice on the Site. Notices provided by electronic transmission will be effective one business day after they are sent. \n<br><br>\nSeverability. If any provision of these Terms is invalid, illegal, void or unenforceable, then that provision will be deemed severed from these Terms and will not affect the validity or enforceability of the remaining provisions of these Terms.\n<br><br>\nEntire Agreement. These Term, together with any order conformation or invoice we issue to you, will be deemed the final and integrated agreement between you and us on the matters contained in these Terms.","swatch_type":"color","swatch_border_radius":0,"show_customer_login":true,"customer_login_btn_2":"2","show_hot_stock":false,"after_add_to_cart":"quick_cart","enable_lazyload":true,"pagination_style":"1","trust_image_product_3":"shopify:\/\/shop_images\/security-image-3.png","trust_image_product_4":"shopify:\/\/shop_images\/security-image-4.png","trust_image_cart_1":"shopify:\/\/shop_images\/image-trust.jpg","enable_background_button_card":false,"product_block_image_ratio":"square","portrait_height":"100","show_image_loading":true,"show_compare":false,"product_compare_type":"default","show_wishlist_card":false,"show_quick_view":false,"show_quick_view_mb":false,"product_quick_view_type":"icon","product_content_text_align":"center","badge_postion":"left","postion_top_badge":30,"sale_badge_type":"text_discount","show_custom_badge":false,"show_swatch":false,"point_product_swatch_custom":"30px","show_action":true,"show_quick_shop":false,"show_product_marquee":false,"product_marquee_text":"testing this now","product_marquee_text_weight":"700","enable_multilang_shopify":false,"lange_1":"en","i-lang-1":"<svg xmlns=\"http:\/\/www.w3.org\/2000\/svg\" version=\"1.1\" id=\"Layer_1\" x=\"0px\" y=\"0px\" viewbox=\"0 0 512 512\" style=\"enable-background:new 0 0 512 512;\" xmlns:xlink=\"http:\/\/www.w3.org\/1999\/xlink\" xml:space=\"preserve\">\n<circle style=\"fill:#F0F0F0;\" cx=\"256\" cy=\"256\" r=\"256\"><\/circle>\n<g>\n\t<path style=\"fill:#0052B4;\" d=\"M52.92,100.142c-20.109,26.163-35.272,56.318-44.101,89.077h133.178L52.92,100.142z\"><\/path>\n\t<path style=\"fill:#0052B4;\" d=\"M503.181,189.219c-8.829-32.758-23.993-62.913-44.101-89.076l-89.075,89.076H503.181z\"><\/path>\n\t<path style=\"fill:#0052B4;\" d=\"M8.819,322.784c8.83,32.758,23.993,62.913,44.101,89.075l89.074-89.075L8.819,322.784L8.819,322.784   z\"><\/path>\n\t<path style=\"fill:#0052B4;\" d=\"M411.858,52.921c-26.163-20.109-56.317-35.272-89.076-44.102v133.177L411.858,52.921z\"><\/path>\n\t<path style=\"fill:#0052B4;\" d=\"M100.142,459.079c26.163,20.109,56.318,35.272,89.076,44.102V370.005L100.142,459.079z\"><\/path>\n\t<path style=\"fill:#0052B4;\" d=\"M189.217,8.819c-32.758,8.83-62.913,23.993-89.075,44.101l89.075,89.075V8.819z\"><\/path>\n\t<path style=\"fill:#0052B4;\" d=\"M322.783,503.181c32.758-8.83,62.913-23.993,89.075-44.101l-89.075-89.075V503.181z\"><\/path>\n\t<path style=\"fill:#0052B4;\" d=\"M370.005,322.784l89.075,89.076c20.108-26.162,35.272-56.318,44.101-89.076H370.005z\"><\/path>\n<\/g>\n<g>\n\t<path style=\"fill:#D80027;\" d=\"M509.833,222.609h-220.44h-0.001V2.167C278.461,0.744,267.317,0,256,0   c-11.319,0-22.461,0.744-33.391,2.167v220.44v0.001H2.167C0.744,233.539,0,244.683,0,256c0,11.319,0.744,22.461,2.167,33.391   h220.44h0.001v220.442C233.539,511.256,244.681,512,256,512c11.317,0,22.461-0.743,33.391-2.167v-220.44v-0.001h220.442   C511.256,278.461,512,267.319,512,256C512,244.683,511.256,233.539,509.833,222.609z\"><\/path>\n\t<path style=\"fill:#D80027;\" d=\"M322.783,322.784L322.783,322.784L437.019,437.02c5.254-5.252,10.266-10.743,15.048-16.435   l-97.802-97.802h-31.482V322.784z\"><\/path>\n\t<path style=\"fill:#D80027;\" d=\"M189.217,322.784h-0.002L74.98,437.019c5.252,5.254,10.743,10.266,16.435,15.048l97.802-97.804   V322.784z\"><\/path>\n\t<path style=\"fill:#D80027;\" d=\"M189.217,189.219v-0.002L74.981,74.98c-5.254,5.252-10.266,10.743-15.048,16.435l97.803,97.803   H189.217z\"><\/path>\n\t<path style=\"fill:#D80027;\" d=\"M322.783,189.219L322.783,189.219L437.02,74.981c-5.252-5.254-10.743-10.266-16.435-15.047   l-97.802,97.803V189.219z\"><\/path>\n<\/g>\n<g>\n<\/g>\n<g>\n<\/g>\n<g>\n<\/g>\n<g>\n<\/g>\n<g>\n<\/g>\n<g>\n<\/g>\n<g>\n<\/g>\n<g>\n<\/g>\n<g>\n<\/g>\n<g>\n<\/g>\n<g>\n<\/g>\n<g>\n<\/g>\n<g>\n<\/g>\n<g>\n<\/g>\n<g>\n<\/g>\n<\/svg>","lange_2":"de","i-lang-2":"<svg xmlns=\"http:\/\/www.w3.org\/2000\/svg\" version=\"1.1\" id=\"Layer_1\" x=\"0px\" y=\"0px\" viewbox=\"0 0 512 512\" style=\"enable-background:new 0 0 512 512;\" xmlns:xlink=\"http:\/\/www.w3.org\/1999\/xlink\" xml:space=\"preserve\">\n<path style=\"fill:#FFDA44;\" d=\"M15.923,345.043C52.094,442.527,145.929,512,256,512s203.906-69.473,240.077-166.957L256,322.783  L15.923,345.043z\"><\/path>\n<path d=\"M256,0C145.929,0,52.094,69.472,15.923,166.957L256,189.217l240.077-22.261C459.906,69.472,366.071,0,256,0z\"><\/path>\n<path style=\"fill:#D80027;\" d=\"M15.923,166.957C5.633,194.69,0,224.686,0,256s5.633,61.31,15.923,89.043h480.155  C506.368,317.31,512,287.314,512,256s-5.632-61.31-15.923-89.043H15.923z\"><\/path>\n<g>\n<\/g>\n<g>\n<\/g>\n<g>\n<\/g>\n<g>\n<\/g>\n<g>\n<\/g>\n<g>\n<\/g>\n<g>\n<\/g>\n<g>\n<\/g>\n<g>\n<\/g>\n<g>\n<\/g>\n<g>\n<\/g>\n<g>\n<\/g>\n<g>\n<\/g>\n<g>\n<\/g>\n<g>\n<\/g>\n<\/svg>","enable_currencies":true,"currency_format_enable":true,"currency_type":"multiple_currencies","currency_1_unit":"USD","i-currency-1":"<svg xmlns=\"http:\/\/www.w3.org\/2000\/svg\" version=\"1.1\" id=\"Layer_1\" x=\"0px\" y=\"0px\" viewbox=\"0 0 512 512\" style=\"enable-background:new 0 0 512 512;\" xmlns:xlink=\"http:\/\/www.w3.org\/1999\/xlink\" xml:space=\"preserve\">\n<circle style=\"fill:#F0F0F0;\" cx=\"256\" cy=\"256\" r=\"256\"><\/circle>\n<g>\n\t<path style=\"fill:#D80027;\" d=\"M244.87,256H512c0-23.106-3.08-45.49-8.819-66.783H244.87V256z\"><\/path>\n\t<path style=\"fill:#D80027;\" d=\"M244.87,122.435h229.556c-15.671-25.572-35.708-48.175-59.07-66.783H244.87V122.435z\"><\/path>\n\t<path style=\"fill:#D80027;\" d=\"M256,512c60.249,0,115.626-20.824,159.356-55.652H96.644C140.374,491.176,195.751,512,256,512z\"><\/path>\n\t<path style=\"fill:#D80027;\" d=\"M37.574,389.565h436.852c12.581-20.529,22.338-42.969,28.755-66.783H8.819   C15.236,346.596,24.993,369.036,37.574,389.565z\"><\/path>\n<\/g>\n<path style=\"fill:#0052B4;\" d=\"M118.584,39.978h23.329l-21.7,15.765l8.289,25.509l-21.699-15.765L85.104,81.252l7.16-22.037  C73.158,75.13,56.412,93.776,42.612,114.552h7.475l-13.813,10.035c-2.152,3.59-4.216,7.237-6.194,10.938l6.596,20.301l-12.306-8.941  c-3.059,6.481-5.857,13.108-8.372,19.873l7.267,22.368h26.822l-21.7,15.765l8.289,25.509l-21.699-15.765l-12.998,9.444  C0.678,234.537,0,245.189,0,256h256c0-141.384,0-158.052,0-256C205.428,0,158.285,14.67,118.584,39.978z M128.502,230.4  l-21.699-15.765L85.104,230.4l8.289-25.509l-21.7-15.765h26.822l8.288-25.509l8.288,25.509h26.822l-21.7,15.765L128.502,230.4z   M120.213,130.317l8.289,25.509l-21.699-15.765l-21.699,15.765l8.289-25.509l-21.7-15.765h26.822l8.288-25.509l8.288,25.509h26.822  L120.213,130.317z M220.328,230.4l-21.699-15.765L176.93,230.4l8.289-25.509l-21.7-15.765h26.822l8.288-25.509l8.288,25.509h26.822  l-21.7,15.765L220.328,230.4z M212.039,130.317l8.289,25.509l-21.699-15.765l-21.699,15.765l8.289-25.509l-21.7-15.765h26.822  l8.288-25.509l8.288,25.509h26.822L212.039,130.317z M212.039,55.743l8.289,25.509l-21.699-15.765L176.93,81.252l8.289-25.509  l-21.7-15.765h26.822l8.288-25.509l8.288,25.509h26.822L212.039,55.743z\"><\/path>\n<g>\n<\/g>\n<g>\n<\/g>\n<g>\n<\/g>\n<g>\n<\/g>\n<g>\n<\/g>\n<g>\n<\/g>\n<g>\n<\/g>\n<g>\n<\/g>\n<g>\n<\/g>\n<g>\n<\/g>\n<g>\n<\/g>\n<g>\n<\/g>\n<g>\n<\/g>\n<g>\n<\/g>\n<g>\n<\/g>\n<\/svg>","currency_2_unit":"EUR","i-currency-2":"<svg xmlns=\"http:\/\/www.w3.org\/2000\/svg\" version=\"1.1\" id=\"Layer_1\" x=\"0px\" y=\"0px\" viewbox=\"0 0 512 512\" style=\"enable-background:new 0 0 512 512;\" xmlns:xlink=\"http:\/\/www.w3.org\/1999\/xlink\" xml:space=\"preserve\">\n<circle style=\"fill:#0052B4;\" cx=\"256\" cy=\"256\" r=\"256\"><\/circle>\n<g>\n\t<polygon style=\"fill:#FFDA44;\" points=\"256.001,100.174 264.29,125.683 291.11,125.683 269.411,141.448 277.7,166.957    256.001,151.191 234.301,166.957 242.59,141.448 220.891,125.683 247.712,125.683  \"><\/polygon>\n\t<polygon style=\"fill:#FFDA44;\" points=\"145.814,145.814 169.714,157.99 188.679,139.026 184.482,165.516 208.381,177.693    181.89,181.889 177.694,208.381 165.517,184.482 139.027,188.679 157.992,169.714  \"><\/polygon>\n\t<polygon style=\"fill:#FFDA44;\" points=\"100.175,256 125.684,247.711 125.684,220.89 141.448,242.59 166.958,234.301 151.191,256    166.958,277.699 141.448,269.411 125.684,291.11 125.684,264.289  \"><\/polygon>\n\t<polygon style=\"fill:#FFDA44;\" points=\"145.814,366.186 157.991,342.286 139.027,323.321 165.518,327.519 177.693,303.62    181.89,330.111 208.38,334.307 184.484,346.484 188.679,372.974 169.714,354.009  \"><\/polygon>\n\t<polygon style=\"fill:#FFDA44;\" points=\"256.001,411.826 247.711,386.317 220.891,386.317 242.591,370.552 234.301,345.045    256.001,360.809 277.7,345.045 269.411,370.552 291.11,386.317 264.289,386.317  \"><\/polygon>\n\t<polygon style=\"fill:#FFDA44;\" points=\"366.187,366.186 342.288,354.01 323.322,372.975 327.519,346.483 303.622,334.307    330.112,330.111 334.308,303.62 346.484,327.519 372.974,323.321 354.009,342.288  \"><\/polygon>\n\t<polygon style=\"fill:#FFDA44;\" points=\"411.826,256 386.317,264.289 386.317,291.11 370.552,269.41 345.045,277.699 360.81,256    345.045,234.301 370.553,242.59 386.317,220.89 386.317,247.712  \"><\/polygon>\n\t<polygon style=\"fill:#FFDA44;\" points=\"366.187,145.814 354.01,169.714 372.975,188.679 346.483,184.481 334.308,208.38    330.112,181.889 303.622,177.692 327.519,165.516 323.322,139.027 342.289,157.991  \"><\/polygon>\n<\/g>\n<g>\n<\/g>\n<g>\n<\/g>\n<g>\n<\/g>\n<g>\n<\/g>\n<g>\n<\/g>\n<g>\n<\/g>\n<g>\n<\/g>\n<g>\n<\/g>\n<g>\n<\/g>\n<g>\n<\/g>\n<g>\n<\/g>\n<g>\n<\/g>\n<g>\n<\/g>\n<g>\n<\/g>\n<g>\n<\/g>\n<\/svg>","currency_3_unit":"GBP","i-currency-3":"<svg xmlns=\"http:\/\/www.w3.org\/2000\/svg\" version=\"1.1\" id=\"Layer_1\" x=\"0px\" y=\"0px\" viewbox=\"0 0 512 512\" style=\"enable-background:new 0 0 512 512;\" xmlns:xlink=\"http:\/\/www.w3.org\/1999\/xlink\" xml:space=\"preserve\">\n<circle style=\"fill:#F0F0F0;\" cx=\"256\" cy=\"256\" r=\"256\"><\/circle>\n<g>\n\t<path style=\"fill:#0052B4;\" d=\"M52.92,100.142c-20.109,26.163-35.272,56.318-44.101,89.077h133.178L52.92,100.142z\"><\/path>\n\t<path style=\"fill:#0052B4;\" d=\"M503.181,189.219c-8.829-32.758-23.993-62.913-44.101-89.076l-89.075,89.076H503.181z\"><\/path>\n\t<path style=\"fill:#0052B4;\" d=\"M8.819,322.784c8.83,32.758,23.993,62.913,44.101,89.075l89.074-89.075L8.819,322.784L8.819,322.784   z\"><\/path>\n\t<path style=\"fill:#0052B4;\" d=\"M411.858,52.921c-26.163-20.109-56.317-35.272-89.076-44.102v133.177L411.858,52.921z\"><\/path>\n\t<path style=\"fill:#0052B4;\" d=\"M100.142,459.079c26.163,20.109,56.318,35.272,89.076,44.102V370.005L100.142,459.079z\"><\/path>\n\t<path style=\"fill:#0052B4;\" d=\"M189.217,8.819c-32.758,8.83-62.913,23.993-89.075,44.101l89.075,89.075V8.819z\"><\/path>\n\t<path style=\"fill:#0052B4;\" d=\"M322.783,503.181c32.758-8.83,62.913-23.993,89.075-44.101l-89.075-89.075V503.181z\"><\/path>\n\t<path style=\"fill:#0052B4;\" d=\"M370.005,322.784l89.075,89.076c20.108-26.162,35.272-56.318,44.101-89.076H370.005z\"><\/path>\n<\/g>\n<g>\n\t<path style=\"fill:#D80027;\" d=\"M509.833,222.609h-220.44h-0.001V2.167C278.461,0.744,267.317,0,256,0   c-11.319,0-22.461,0.744-33.391,2.167v220.44v0.001H2.167C0.744,233.539,0,244.683,0,256c0,11.319,0.744,22.461,2.167,33.391   h220.44h0.001v220.442C233.539,511.256,244.681,512,256,512c11.317,0,22.461-0.743,33.391-2.167v-220.44v-0.001h220.442   C511.256,278.461,512,267.319,512,256C512,244.683,511.256,233.539,509.833,222.609z\"><\/path>\n\t<path style=\"fill:#D80027;\" d=\"M322.783,322.784L322.783,322.784L437.019,437.02c5.254-5.252,10.266-10.743,15.048-16.435   l-97.802-97.802h-31.482V322.784z\"><\/path>\n\t<path style=\"fill:#D80027;\" d=\"M189.217,322.784h-0.002L74.98,437.019c5.252,5.254,10.743,10.266,16.435,15.048l97.802-97.804   V322.784z\"><\/path>\n\t<path style=\"fill:#D80027;\" d=\"M189.217,189.219v-0.002L74.981,74.98c-5.254,5.252-10.266,10.743-15.048,16.435l97.803,97.803   H189.217z\"><\/path>\n\t<path style=\"fill:#D80027;\" d=\"M322.783,189.219L322.783,189.219L437.02,74.981c-5.252-5.254-10.743-10.266-16.435-15.047   l-97.802,97.803V189.219z\"><\/path>\n<\/g>\n<g>\n<\/g>\n<g>\n<\/g>\n<g>\n<\/g>\n<g>\n<\/g>\n<g>\n<\/g>\n<g>\n<\/g>\n<g>\n<\/g>\n<g>\n<\/g>\n<g>\n<\/g>\n<g>\n<\/g>\n<g>\n<\/g>\n<g>\n<\/g>\n<g>\n<\/g>\n<g>\n<\/g>\n<g>\n<\/g>\n<\/svg>","i-currency-4":"<svg xmlns=\"http:\/\/www.w3.org\/2000\/svg\" version=\"1.1\" id=\"Layer_1\" x=\"0px\" y=\"0px\" viewbox=\"0 0 512 512\" style=\"enable-background:new 0 0 512 512;\" xmlns:xlink=\"http:\/\/www.w3.org\/1999\/xlink\" xml:space=\"preserve\">\n<circle style=\"fill:#D80027;\" cx=\"256\" cy=\"256\" r=\"256\"><\/circle>\n<polygon style=\"fill:#F0F0F0;\" points=\"389.565,211.479 300.522,211.479 300.522,122.435 211.478,122.435 211.478,211.479   122.435,211.479 122.435,300.522 211.478,300.522 211.478,389.565 300.522,389.565 300.522,300.522 389.565,300.522 \"><\/polygon>\n<g>\n<\/g>\n<g>\n<\/g>\n<g>\n<\/g>\n<g>\n<\/g>\n<g>\n<\/g>\n<g>\n<\/g>\n<g>\n<\/g>\n<g>\n<\/g>\n<g>\n<\/g>\n<g>\n<\/g>\n<g>\n<\/g>\n<g>\n<\/g>\n<g>\n<\/g>\n<g>\n<\/g>\n<g>\n<\/g>\n<\/svg>","currency_5_unit":"CAD","i-currency-5":"<svg xmlns=\"http:\/\/www.w3.org\/2000\/svg\" version=\"1.1\" id=\"Layer_1\" x=\"0px\" y=\"0px\" viewbox=\"0 0 512 512\" style=\"enable-background:new 0 0 512 512;\" xmlns:xlink=\"http:\/\/www.w3.org\/1999\/xlink\" xml:space=\"preserve\">\n<circle style=\"fill:#D80037;\" cx=\"256\" cy=\"256\" r=\"256\"><\/circle>\n<polygon style=\"fill:#F0F0F0;\" points=\"389.565,211.479 300.522,211.479 300.522,122.435 211.478,122.435 211.478,211.479   122.435,211.479 122.435,300.522 211.478,300.522 211.478,389.565 300.522,389.565 300.522,300.522 389.565,300.522 \"><\/polygon>\n<g>\n<\/g>\n<g>\n<\/g>\n<g>\n<\/g>\n<g>\n<\/g>\n<g>\n<\/g>\n<g>\n<\/g>\n<g>\n<\/g>\n<g>\n<\/g>\n<g>\n<\/g>\n<g>\n<\/g>\n<g>\n<\/g>\n<g>\n<\/g>\n<g>\n<\/g>\n<g>\n<\/g>\n<g>\n<\/g>\n<\/svg>","enable_multilevel_categories":false,"category_filter":"multi-level-categories","quick_search_to_show":5,"search_trending_title":"Trending Now","seach_trending_item_1":"F30","seach_trending_item_2":"335i","seach_trending_item_3":"G80","seach_trending_item_4":"3 Series","seach_trending_item_5":"Carbon Fiber","seach_trending_item_6":"Bumper","seach_trending_item_7":"Bootmod","seach_trending_item_8":"G20","seach_trending_item_9":"N20","seach_trending_item_10":"N55","seach_trending_item_11":"","seach_trending_item_12":"","seach_trending_item_13":"","seach_trending_item_14":"","seach_trending_item_15":"","search_product_collection":"search-collection","search_product_to_show":4,"search_product_per_row":"4","search_type":"product","show_quick_cart":false,"quick_cart_redirect_button":"none","quick_cart_redirect_button_link":"","quick_cart_sidebar_item_bg":"#ffffff","quick_cart_sidebar_item_border":"#e8e8e8","quick_cart_sidebar_item_borderw":1,"quick_cart_sidebar_item_borders":"solid","show_cart_gift":false,"cart_product_gift":"","gift_content":"Do you want a gift wrap?","main_cart_gift_content":"DO YOU WANT A GIFT WRAP? <span style=\"font-weight: bold\">ONLY FOR $10.00<span><\/span><\/span>","show_cart_shipping":false,"shipping_rate_calculator_default_country":"United States","show_quick_cart_popular_product":false,"quick_cart_popular_product_title":"You May Also Like","quick_cart_popular_product_collection":"suito","quick_cart_popular_product_dots":false,"quick_cart_popular_product_arrows":true,"show_quick_edit_cart":true,"quick_edit_cart_picker_type":"button","quick_view_layout":"3","quick_view_product_image_ratio":"adapt","color_title":"#202b3d","show_quick_view_short_description":false,"show_countdown":true,"countdown_type":"all_product","countdown_time":"Dec 31, 2023 18:00:00","countdown_collection":"","countdown_style":"2","show_calculator_free_shipping_message":false,"calculator_free_shipping_message_height":10,"calculator_free_shipping_message_border_radius":20,"calculator_free_shipping_message_show_truck":false,"calculator_free_shipping_message_color":"#727272","calculator_free_shipping_message_bg":"#ededed","calculator_free_shipping_message_bg_1":"#f44336","calculator_free_shipping_message_bg_2":"#ffc206","show_someone_purchase":false,"show_someone_purchase_mobile":false,"someone_purchase_position":"right","show_gdpr_cookie_consent":false,"gdpr_cookie_consent_type":"left","gdpr_cookie_consent_btn_1_link":"https:\/\/policies.google.com\/","gdpr_cookie_consent_btn_2_text":"Accept","gdpr_cookie_consent_color":"#ffffff","gdpr_cookie_consent_color_privacy":"#818181","gdpr_cookie_consent_bg":"#202b3d","show_newsletter_popup":false,"newsletter_popup_delay":5,"show_newsletter_popup_image":true,"newsletter_popup_image":"shopify:\/\/shop_images\/kies-motorsports-ftp-motorsport-ftp-f56-mini-gp-intake-pipe-inlet-pipe-bmw-306hp-m135i-m235i-30601394323541.jpg","newsletter_popup_title":"Before You Leave","newsletter_popup_desc":"Enter the code below at checkout to get 20% off your first order","newsletter_popup_note":"","select_button_submit":"default","show_recently_viewed_popup":false,"recently_viewed_limit":5,"show_recently_viewed_share":false,"show_recently_viewed_top":false,"show_before_you_leave":false,"before_you_leave_position":"left","before_you_leave_time":1,"before_you_leave_logo":"shopify:\/\/shop_images\/kies-motorsports-akrapovic-akrapovic-2021-bmw-m3-g80-m4-g82-slip-on-line-titanium-req-tips-30681408012373.png","before_you_leave_bg":"shopify:\/\/shop_images\/before-you.jpg","before_you_leave_content":"<h3 class=\"title\">Before you leave...<\/h3>\n\t\t<p class=\"desc1\">Take 20% off your first order<\/p>\n\t\t<h3 class=\"heading1\">\n\t\t\t<span class=\"text\">20% off<\/span>\n\t\t<\/h3>\n\t\t<p class=\"desc2\">Enter the code below at checkout to get 20% off your first order<\/p>\n\t\t<h3 class=\"heading2\">CODESALE20<\/h3>\n\t\t<a class=\"button button-2\" href=\"\/new-in\">\n\t\t\t<span class=\"text\">Continue Shopping<\/span>\n\t\t<\/a>","before_you_leave_collection":"milancelos","before_you_leave_collection_limit":3,"before_you_leave_btn":"1","show_notify_form":false,"notify_form_btn":"1","show_ask_an_expert":true,"ask_an_expert_show":"product_page","ask_an_expert_icon":"<svg xmlns=\"http:\/\/www.w3.org\/2000\/svg\" viewbox=\"0 0 48 48\"><path fill=\"#FFA726\" d=\"M10 22A4 4 0 1 0 10 30 4 4 0 1 0 10 22zM38 22A4 4 0 1 0 38 30 4 4 0 1 0 38 22z\"><\/path><path fill=\"#FFB74D\" d=\"M39,19c0-12.7-30-8.3-30,0c0,1.8,0,8.2,0,10c0,8.3,6.7,15,15,15s15-6.7,15-15C39,27.2,39,20.8,39,19z\"><\/path><path fill=\"#FF5722\" d=\"M24,3C14.6,3,7,10.6,7,20c0,1.2,0,3.4,0,3.4L9,25v-3l21-9.8l9,9.8v3l2-1.6c0,0,0-2.1,0-3.4C41,12,35.3,3,24,3z\"><\/path><path fill=\"#784719\" d=\"M31 24A2 2 0 1 0 31 28 2 2 0 1 0 31 24zM17 24A2 2 0 1 0 17 28 2 2 0 1 0 17 24z\"><\/path><path fill=\"#757575\" d=\"M43,24c-0.6,0-1,0.4-1,1v-7c0-8.8-7.2-16-16-16h-7c-0.6,0-1,0.4-1,1s0.4,1,1,1h7c7.7,0,14,6.3,14,14v10c0,0.6,0.4,1,1,1s1-0.4,1-1v2c0,3.9-3.1,7-7,7H24c-0.6,0-1,0.4-1,1s0.4,1,1,1h11c5,0,9-4,9-9v-5C44,24.4,43.6,24,43,24z\"><\/path><g><path fill=\"#37474F\" d=\"M43 22h-1c-1.1 0-2 .9-2 2v4c0 1.1.9 2 2 2h1c1.1 0 2-.9 2-2v-4C45 22.9 44.1 22 43 22zM24 36A2 2 0 1 0 24 40 2 2 0 1 0 24 36z\"><\/path><\/g><\/svg>","social_twitter_link":"https:\/\/twitter.com\/kiesmotorsports","social_facebook_link":"https:\/\/www.facebook.com\/kiesmotorsports","social_pinterest_link":"","social_instagram_link":"https:\/\/www.instagram.com\/kiesmotorsports\/","social_tiktok_link":"","social_youtube_link":"https:\/\/www.youtube.com\/kiesmotorsports","social_vimeo_link":"","product_vendor_color":"#969696","product_title_color":"#202b3d","product_title_color_hover":"#31626c","product_price_color":"#202b3d","product_price_sale_color":"#e95144","product_price_compare_color":"#969696","variant_size_color":"#202b3d","variant_size_bg_hover":"#202b3d","variant_size_border_hover":"#31626c","product_swatch_border":"#cbcbcb","product_swatch_border_active":"#202b3d","product_wishlist_color":"#202b3d","product_wishlist_color_added":"#ffffff","product_wishlist_bg_added":"#202b3d","product_compare_color":"#202b3d","product_quick_view_color":"#202b3d","product_quick_view_bg_hover":"#202b3d","product_action_color":"#202b3d","product_action_border":"#202b3d","product_action_bg":"#ffffff","product_action_border_hover":"#202b3d","product_action_bg_hover":"#202b3d","product_action_bg_gradient_hover":"radial-gradient(rgba(51, 73, 77, 1), rgba(14, 20, 27, 1) 100%)","new_badge_color":"#202b3d","sale_badge_color":"#ffffff","sale_badge_bg":"#dc0707","sold_out_badge_color":"#ffffff","sold_out_badge_bg":"#c1c1c1","custom_badge_color":"#ffffff","custom_badge_bg":"#ffbb49","bundle_badge_color":"#ffffff","bundle_badge_bg":"#202b3d","colors_bg":"#ffffff","colors_text":"#202b3d","colors_text2":"#969696","colors_text_grey":"#868686","colors_text_black":"#202b3d","colors_link":"#202b3d","colors_link_hover":"#087186","colors_breadcrumb_hover":"#202b3d","colors_info":"#202b3d","colors_global":"#202b3d","colors_arrow":"#202b3d","border_colors_arrow":"#ccc","bg_colors_arrow":"#fff","hover_colors_arrow":"#087186","hover_border_colors_arrow":"#f8f8f8","hover_bg_colors_arrow":"#f8f8f8","border_colors_dots":"#202b3d","border_colors_dots_active":"#727272","colors_dots_active":"#202b3d","pagination_item_border_color_active":"#ffffff","swatch_border":"#cbcbcb","swatch_border-active":"#202b3d","variant_bg":"#ffffff","variant_color":"#202b3d","variant_bg_active":"#ffffff","variant_color_active":"#202b3d","btn_1_color":"#fff","btn_1_border":"#202b3d","btn_1_bg":"#202b3d","btn_1_color_hover":"#202b3d","btn_1_border_hover":"#202b3d","btn_1_bg_hover":"#ffffff","btn_2_color":"#202b3d","btn_2_border":"#727272","btn_2_border_hover":"#202b3d","btn_2_bg_hover":"#202b3d","btn_3_border":"#e9514b","btn_3_bg":"#e9514b","btn_3_color_hover":"#ffffff","btn_3_border_hover":"#e9514b","btn_3_bg_hover":"#e9514b","banner_animation":"none","use_custom_js":false,"show_review":false,"show_newsletter_before_leave":true,"hide_newsletter_social_icons":false,"hide_newsletter__form":true,"newsletter_popup_content":"<h2><strong>CODE<\/strong><\/h2>","product_review_full_color":"#202b3d","layout_header":"default","header_custom_width_size":1700,"layout_footer":"default","footer_custom_width_size":1700,"enable_footer_brand":true,"enable_footer_policies":true,"header_mobile_layout":"01","header_layout":"03","enable_tab_categories":false,"footer_layout":"01","type_footer_heading":"font_1","type_footer_heading_font_size":18,"type_footer_heading_font_weight":"600","type_footer_heading_text_transform":"uppercase","type_footer_heading_line_height":22,"type_footer_heading_letter_spacing":".05em","type_footer_link":"font_1","type_footer_link_font_size":15,"type_footer_link_text_transform":"capitalize","type_footer_link_line_height":28,"type_footer_link_letter_spacing":".02em","share_product_type":"addthis","image_loading_text":"Kies Motorsports","someone_purchase_product_1":"dempus-lortis-cosmo-sapiendo","someone_purchase_product_2":"dempus-lortis-cosmo-sapiendo-3","someone_purchase_from_ago_2":"Melbourne, AU","someone_purchase_time_ago_2":"15","someone_purchase_product_3":"sample-product-12-clothing-and-accessory-boutiques-for-sale","someone_purchase_from_ago_3":"Sydney, AU","someone_purchase_time_ago_3":"10","someone_purchase_product_4":"sample-product-16-clothing-and-accessory-boutiques-for-sale","someone_purchase_from_ago_4":"Albury, AU","someone_purchase_time_ago_4":"25","someone_purchase_product_5":"sample-product-22-clothing-and-accessory-boutiques-for-sale","someone_purchase_from_ago_5":"New York, US","someone_purchase_time_ago_5":"30","someone_purchase_product_6":"sample-product-2-clothing-and-accessory-boutiques-for-sale","someone_purchase_from_ago_6":"New Deli, India","someone_purchase_product_7":"sample-product-23-clothing-and-accessory-boutiques-for-sale","someone_purchase_from_ago_7":"London, UK","someone_purchase_time_ago_7":"15","someone_purchase_product_8":"sample-product-28-clothing-and-accessory-boutiques-for-sale","someone_purchase_from_ago_8":"Tokyo, Japan","someone_purchase_time_ago_8":"25","someone_purchase_product_9":"sample-product-13-clothing-and-accessory-boutiques-for-sale","someone_purchase_from_ago_9":"Beijing, China","someone_purchase_time_ago_9":"30","someone_purchase_product_10":"sample-product-35-clothing-and-accessory-boutiques-for-sale","use_custom_css":true,"enable_multiple_currencies":true,"badge_style":"1","vendor_text_transform":"uppercase","colors_loading_icon":"#fff","product_action_group_position":"left","search_product_image_ratio":"portrait","quick_edit_cart_image_ratio":"adapt","quick_cart_redirect_button_type":"3","quick_cart_btn_2":"1","quick_cart_type":"popup","product_swatch_type":"grid","newsletter_popup_style":"2","accent_badge_color_scheme":"background-2","custom_width_size":1600,"quick_cart_popular_product_type":"2","calculator_free_shipping_message_style":"3","free_shipping_borderw":0,"customer_login_type":"sidebar","body_line_height":50,"body_letter_spacing":".02em","sections":{"announcement-bar":{"type":"announcement-bar","blocks":{"bf7a468a-bd09-4925-8548-89bbe140e948":{"type":"announcement","settings":{"text":"ALERT BAR","btn_color":"#ffffff","btn_border_color":"#ffffff","btn_bg_color":"#e95144","btn_bg_color_gradient":""}},"087e86e6-8a86-480a-a1e5-d4b63ce9317c":{"type":"announcement","disabled":true,"settings":{"text":"<p>Welcome to our store<\/p>","btn_color":"#f84248","btn_border_color":"#ffffff","btn_bg_color":"#ffffff","btn_bg_color_gradient":""}}},"block_order":["bf7a468a-bd09-4925-8548-89bbe140e948","087e86e6-8a86-480a-a1e5-d4b63ce9317c"],"settings":{"enable_close":false,"color_text":"#ffffff","bg_color_text":"#e95144","bg_color_text_gradient":"","font_size_text":14,"arrow_active":false}},"halo-toolbar-mobile":{"type":"halo-toolbar-mobile","blocks":{"ff736cd3-bd2d-452d-b620-6f30e5896e28":{"type":"link","disabled":true,"settings":{"icon":"<svg aria-hidden=\"true\" focusable=\"false\" data-prefix=\"fal\" data-icon=\"home-lg-alt\" role=\"img\" xmlns=\"http:\/\/www.w3.org\/2000\/svg\" viewbox=\"0 0 576 512\" class=\"svg-inline--fa fa-home-lg-alt fa-w-18 fa-3x\"><path fill=\"currentColor\" d=\"M573.48 219.91L310.6 8a35.85 35.85 0 0 0-45.19 0L2.53 219.91a6.71 6.71 0 0 0-1 9.5l14.2 17.5a6.82 6.82 0 0 0 9.6 1L64 216.72V496a16 16 0 0 0 16 16h416a16 16 0 0 0 16-16V216.82l38.8 31.29a6.83 6.83 0 0 0 9.6-1l14.19-17.5a7.14 7.14 0 0 0-1.11-9.7zM240 480V320h96v160zm240 0H368V304a16 16 0 0 0-16-16H224a16 16 0 0 0-16 16v176H96V190.92l187.71-151.4a6.63 6.63 0 0 1 8.4 0L480 191z\" class=\"\"><\/path><\/svg>","text":"Home","link":"\/"}},"7635fde1-aff2-4094-84c8-586f0dfcde6b":{"type":"action","disabled":true,"settings":{"icon":"<svg style=\"transform: scale(1.2);\" xmlns=\"http:\/\/www.w3.org\/2000\/svg\" viewbox=\"0 0 32 32\" class=\"icon icon-search\">\n\t<path d=\"M 19 3 C 13.488281 3 9 7.488281 9 13 C 9 15.394531 9.839844 17.589844 11.25 19.3125 L 3.28125 27.28125 L 4.71875 28.71875 L 12.6875 20.75 C 14.410156 22.160156 16.605469 23 19 23 C 24.511719 23 29 18.511719 29 13 C 29 7.488281 24.511719 3 19 3 Z M 19 5 C 23.429688 5 27 8.570313 27 13 C 27 17.429688 23.429688 21 19 21 C 14.570313 21 11 17.429688 11 13 C 11 8.570313 14.570313 5 19 5 Z\"><\/path>\n<\/svg>","text":"Search","action_to":"search"}},"f4af0dce-6553-449a-9db4-4720a4836ef7":{"type":"link","disabled":true,"settings":{"icon":"<svg class=\"icon icon-collection\" xmlns=\"http:\/\/www.w3.org\/2000\/svg\" viewbox=\"0 0 384.97 384.97\" xmlns:xlink=\"http:\/\/www.w3.org\/1999\/xlink\" xml:space=\"preserve\">\n<g>\n\t<g id=\"Grid\">\n\t\t<path d=\"M144.364,0H24.061C10.767,0,0,10.767,0,24.061v120.303c0,13.281,10.767,24.061,24.061,24.061h120.303    c13.293,0,24.061-10.779,24.061-24.061V24.061C168.424,10.767,157.657,0,144.364,0z M144.364,144.364H24.061V24.061h120.303    V144.364z\"><\/path>\n\t\t<path d=\"M360.909,0H240.606c-13.293,0-24.061,10.767-24.061,24.061v120.303c0,13.281,10.767,24.061,24.061,24.061h120.303    c13.281,0,24.061-10.779,24.061-24.061V24.061C384.97,10.767,374.191,0,360.909,0z M360.909,144.364H240.606V24.061h120.303    V144.364z\"><\/path>\n\t\t<path d=\"M360.909,216.545H240.606c-13.293,0-24.061,10.779-24.061,24.061v120.303c0,13.293,10.767,24.061,24.061,24.061h120.303    c13.281,0,24.061-10.767,24.061-24.061V240.606C384.97,227.313,374.191,216.545,360.909,216.545z M360.909,360.909H240.606    V240.606h120.303V360.909z\"><\/path>\n\t\t<path d=\"M144.364,216.545H24.061C10.767,216.545,0,227.325,0,240.606v120.303c0,13.293,10.767,24.061,24.061,24.061h120.303    c13.293,0,24.061-10.767,24.061-24.061V240.606C168.424,227.313,157.657,216.545,144.364,216.545z M144.364,360.909H24.061    V240.606h120.303V360.909z\"><\/path>\n\t<\/g>\n\t<g>\n\t<\/g>\n\t<g>\n\t<\/g>\n\t<g>\n\t<\/g>\n\t<g>\n\t<\/g>\n\t<g>\n\t<\/g>\n\t<g>\n\t<\/g>\n<\/g>\n<g>\n<\/g>\n<g>\n<\/g>\n<g>\n<\/g>\n<g>\n<\/g>\n<g>\n<\/g>\n<g>\n<\/g>\n<g>\n<\/g>\n<g>\n<\/g>\n<g>\n<\/g>\n<g>\n<\/g>\n<g>\n<\/g>\n<g>\n<\/g>\n<g>\n<\/g>\n<g>\n<\/g>\n<g>\n<\/g>\n<\/svg>","text":"Collection","link":"shopify:\/\/collections"}},"5d6d32ae-e121-47c0-84be-ab16049c7872":{"type":"action","disabled":true,"settings":{"icon":"<svg style=\"transform: scale(1.3);\" xmlns=\"http:\/\/www.w3.org\/2000\/svg\" viewbox=\"0 0 32 32\" aria-hidden=\"true\" focusable=\"false\" role=\"presentation\" class=\"icon icon-account\"><path d=\"M 16 3 C 8.832031 3 3 8.832031 3 16 C 3 23.167969 8.832031 29 16 29 C 23.167969 29 29 23.167969 29 16 C 29 8.832031 23.167969 3 16 3 Z M 16 5 C 22.085938 5 27 9.914063 27 16 C 27 22.085938 22.085938 27 16 27 C 9.914063 27 5 22.085938 5 16 C 5 9.914063 9.914063 5 16 5 Z M 16 8 C 13.25 8 11 10.25 11 13 C 11 14.515625 11.707031 15.863281 12.78125 16.78125 C 10.53125 17.949219 9 20.300781 9 23 L 11 23 C 11 20.226563 13.226563 18 16 18 C 18.773438 18 21 20.226563 21 23 L 23 23 C 23 20.300781 21.46875 17.949219 19.21875 16.78125 C 20.292969 15.863281 21 14.515625 21 13 C 21 10.25 18.75 8 16 8 Z M 16 10 C 17.667969 10 19 11.332031 19 13 C 19 14.667969 17.667969 16 16 16 C 14.332031 16 13 14.667969 13 13 C 13 11.332031 14.332031 10 16 10 Z\"><\/path><\/svg>","text":"Account","action_to":"account"}},"7c74c386-fb83-441d-8d3b-0ff61ee2795e":{"type":"link","disabled":true,"settings":{"icon":"ICON","text":"Test","link":"#smile-home"}},"6af60981-e602-4eaa-8501-8d4518fba450":{"type":"action","disabled":true,"settings":{"icon":"<svg viewbox=\"0 0 30 30\" class=\"icon icon-cart\" enable-background=\"new 0 0 30 30\">\n  <g>\n    <g>\n      <path d=\"M20,6V5c0-2.761-2.239-5-5-5s-5,2.239-5,5v1H4v24h22V6H20z M12,5c0-1.657,1.343-3,3-3s3,1.343,3,3v1h-6V5z M24,28H6V8h4v3    h2V8h6v3h2V8h4V28z\"><\/path>\n    <\/g>\n  <\/g>\n<\/svg>","text":"Cart","action_to":"cart"}},"bec4f5c2-f3ec-407f-bfd7-b775ea84cea5":{"type":"content","disabled":true,"settings":{"icon":"","text":"","content":""}}},"block_order":["ff736cd3-bd2d-452d-b620-6f30e5896e28","7635fde1-aff2-4094-84c8-586f0dfcde6b","f4af0dce-6553-449a-9db4-4720a4836ef7","5d6d32ae-e121-47c0-84be-ab16049c7872","7c74c386-fb83-441d-8d3b-0ff61ee2795e","6af60981-e602-4eaa-8501-8d4518fba450","bec4f5c2-f3ec-407f-bfd7-b775ea84cea5"],"settings":{"display_section":false,"font_size":13,"font_weight":"600","icon_size":20,"color_icon":"#ffffff","border_color":"#ffffff","bg_color":"{{ shop.brand.colors.primary[0].background }}","bg_color_gradient":""}},"halo-navigation-mobile":{"type":"halo-navigation-mobile","blocks":{"32a5a3ab-3967-4d9b-a9a9-cdc87bec6641":{"type":"menu-1","settings":{"show_banner":false,"heading":"Home","url":"#","menu":"","label":"","icon":"","show_custom_style":false,"text_color":"#000000","label_bg_color":"#000000","label_text_color":"#ffffff"}},"92f0be40-5079-474b-bd77-8e44dfdf1f2f":{"type":"menu-1","settings":{"show_banner":false,"heading":"New In","url":"","menu":"","label":"","icon":"","show_custom_style":true,"text_color":"#000000","label_bg_color":"#000000","label_text_color":"#ffffff"}},"78124338-291a-4228-93f1-73f8a53a356e":{"type":"menu-1","settings":{"show_banner":false,"heading":"Accessories","url":"","menu":"","label":"","icon":"","show_custom_style":false,"text_color":"#000000","label_bg_color":"#000000","label_text_color":"#ffffff"}},"f53ca8ed-b57c-4730-97e5-a381e92c78c7":{"type":"menu-1","settings":{"show_banner":false,"heading":"Shop This Look","url":"","menu":"","label":"","icon":"","show_custom_style":false,"text_color":"#000000","label_bg_color":"#000000","label_text_color":"#ffffff"}},"c52874dc-e1b2-47fc-b98d-e387fde5711b":{"type":"menu-1","settings":{"show_banner":false,"heading":"Blog","url":"","menu":"","label":"","icon":"","show_custom_style":false,"text_color":"#000000","label_bg_color":"#000000","label_text_color":"#ffffff"}},"72807e66-c239-4f75-943b-7c1a276efca6":{"type":"menu-1","settings":{"show_banner":false,"heading":"Buy Theme","url":"","menu":"","label":"","icon":"","show_custom_style":false,"text_color":"#000000","label_bg_color":"#000000","label_text_color":"#ffffff"}},"2763f325-7d56-4247-b496-4d9b64828fc9":{"type":"menu-1","settings":{"show_banner":false,"heading":"My Wish List","url":"","menu":"","label":"","icon":"","show_custom_style":false,"text_color":"#000000","label_bg_color":"#000000","label_text_color":"#ffffff"}},"e26ff796-a152-40b1-8e3f-e02a35e5b778":{"type":"menu-1","settings":{"show_banner":false,"heading":"My Account","url":"","menu":"","label":"","icon":"","show_custom_style":false,"text_color":"#000000","label_bg_color":"#000000","label_text_color":"#ffffff"}}},"block_order":["32a5a3ab-3967-4d9b-a9a9-cdc87bec6641","92f0be40-5079-474b-bd77-8e44dfdf1f2f","78124338-291a-4228-93f1-73f8a53a356e","f53ca8ed-b57c-4730-97e5-a381e92c78c7","c52874dc-e1b2-47fc-b98d-e387fde5711b","72807e66-c239-4f75-943b-7c1a276efca6","2763f325-7d56-4247-b496-4d9b64828fc9","e26ff796-a152-40b1-8e3f-e02a35e5b778"],"settings":{"heading":"Menu","text_color":"#ffffff","bg_color":"#000000","bg_color_gradient":"","text_color_active":"#000000","bg_color_active":"#ffffff","bg_color_gradient_active":"","image_type":"jpg","image_style":"circle","show_icon":true,"icon_type":"image","icon_width":24,"icon_height":24,"show_image":false,"image_width":150,"image_height":100,"image_style_lower":"rectangle","lv_1_font":"font_1","lv_1_font_size":14,"lv_1_font_weight":"400","lv_1_text_transform":"lowercase","lv_2_font":"font_1","lv_2_font_size":14,"lv_2_font_weight":"400","lv_2_text_transform":"lowercase","lv_title_font":"font_1","lv_title_font_size":16,"lv_title_font_weight":"400","lv_title_text_transform":"lowercase","show_nav_all":true}},"halo-navigation-mobile-2":{"type":"halo-navigation-mobile-2","settings":{"heading":"Menu","text_color":"#ffffff","bg_color":"#000000","bg_color_gradient":"","text_color_active":"#000000","bg_color_active":"#ffffff","bg_color_gradient_active":"","image_type":"jpg","image_style":"circle","show_icon":true,"icon_type":"icon","icon_width":24,"icon_height":24,"show_image":false,"image_width":60,"image_height":60,"image_style_lower":"rectangle","lv_1_font":"font_1","lv_1_font_size":15,"lv_1_font_weight":"400","lv_1_text_transform":"uppercase","lv_2_font":"font_1","lv_2_font_size":16,"lv_2_font_weight":"400","lv_2_text_transform":"capitalize","lv_title_font":"font_1","lv_title_font_size":16,"lv_title_font_weight":"400","lv_title_text_transform":"capitalize","show_nav_all":true}},"halo-navigation-mobile-3":{"type":"halo-navigation-mobile-3","settings":{"heading":"Menu","text_color":"#ffffff","bg_color":"#000000","bg_color_gradient":"","text_color_active":"#000000","bg_color_active":"#ffffff","bg_color_gradient_active":"","image_type":"jpg","image_style":"circle","show_icon":true,"icon_type":"icon","icon_width":24,"icon_height":24,"show_image":false,"image_width":60,"image_height":60,"image_style_lower":"rectangle","lv_1_font":"font_1","lv_1_font_size":15,"lv_1_font_weight":"400","lv_1_text_transform":"uppercase","lv_2_font":"font_1","lv_2_font_size":16,"lv_2_font_weight":"400","lv_2_text_transform":"capitalize","lv_title_font":"font_1","lv_title_font_size":16,"lv_title_font_weight":"400","lv_title_text_transform":"capitalize","show_nav_all":true}},"brand-slider":{"type":"brand-slider","settings":{"container":"1770","padding_full_width":0,"brands_block_style":"style_1","brand_layout":"slider","display_brand_border":true,"brand_bg":"#f5f5f5","brand_bg_gradient":"","title_align":"center","brand_title":"","color_title":"#232323","fontsize_title":16,"fontsize_title_mb":16,"mg_bottom_title":12,"enable_border_title":false,"border_color_title":"#051c42","brand_des":"","color_des":"#3c3c3c","fontsize_des":16,"mg_bottom_des":0,"view_all":"","view_all_fs":12,"font_weight_view_all":"400","mg_bottom_view":30,"enable_border_view_all":true,"link_view_all":"","color_view_all":"#3c3c3c","icon_view_all":"","color_view_all_icon":"#eb492f","view_all_icon_side":"left","btn_text":"","fontsize_btn":12,"btn_spacing_top":15,"btn_color":"#828282","btn_link":"","brand_rows":"5","enable_arrows":true,"enable_dots":false,"style_position_arrows":"none","position_horizontal_arrow":15,"color_arrow":"","arrow_background":"","arrow_background_gradient":"","arrow_border":"","color_arrow_hover":"","arrow_background_hover":"","arrow_background_gradient_hover":"","arrow_border_hover":"","brand_rows_mb":"1","item_distance":15,"mg_top_desktop":50,"mg_top_tablet":50,"mg_top_mobile":50,"mg_bottom_desktop":50,"mg_bottom_tablet":50,"mg_bottom_mobile":50}},"policies-block":{"type":"policies-block","settings":{"container":"container","padding_full_width":0,"policies_block_swipe_on_mobile":"slider","policies_bg":"#ffffff","policies_bg_gradient":"","border_item":"none","align_items":"center","enable_item_distance":true,"item_color_border":"#000000","item_padding_top":13,"item_padding_bottom":13,"item_radius":4,"bg_color_block":"#f8f8f8","border_block":"#f8f8f8","color_block":"#232323","color_icon":"#3c3c3c","mg_top_desktop":50,"mg_top_tablet":50,"mg_top_mobile":50,"mg_bottom_desktop":50,"mg_bottom_tablet":50,"mg_bottom_mobile":50}},"footer-02":{"type":"footer-02","blocks":{"footer-02-0":{"type":"link_list","settings":{"custom_width":"20","heading":"Quick links","menu":"footer-menu-2"}},"29b43e42-dcd7-409a-bef7-dd8ebdf2856b":{"type":"link_list","settings":{"custom_width":"20","heading":"Information","menu":"footer"}},"f5a392b1-8b7b-417b-ab25-3523e549ff3e":{"type":"newsletter","settings":{"newsletter_margin_bottom":45,"border_block_color":"#fff","heading":"Heading","spacing_input":10,"input_text":"enter your email address","input_color":"#fff","input_color_bg":"#232323","input_color_border":"#fff","button_text":"Submit","button_width":150,"button_color":"#fff","button_color_border":"#fff","button_color_bg":"#232323","button_color_bg_gradient":"","button_color_hover":"#fff","button_color_border_hover":"#fff","button_color_bg_hover":"#232323","button_color_bg_gradient_hover":""}},"eeb62dbc-72d6-424c-a889-a832abd649ec":{"type":"text","settings":{"custom_width":"30","heading":"ABOUT US","logo_margin_bottom":28}}},"block_order":["footer-02-0","29b43e42-dcd7-409a-bef7-dd8ebdf2856b","f5a392b1-8b7b-417b-ab25-3523e549ff3e","eeb62dbc-72d6-424c-a889-a832abd649ec"],"settings":{"border_footer_top_color":"#282828","pdtop_footer_top":50,"pdbottom_footer_top":50,"footer_top_bg":"#173149","footer_top_bg_gradient":"","show_footer_top_bg_img":false,"footer_top_bg_position_x":"center","footer_top_bg_position_y":"center","footer_top_bg_repeat":"no-repeat","footer_top_bg_attachment":"fixed","footer_top_bg_size":"contain","footer_top_text_align":"left","footer_top_title_color":"#FFFFFF","footer_top_color_link":"#FFFFFF","footer_top_color_link_hover":"#FFFFFF"}}},"content_for_index":[],"blocks":{"855628211100114053":{"type":"shopify:\/\/apps\/klaviyo-email-marketing-sms\/blocks\/klaviyo-onsite-embed\/2632fe16-c075-4321-a88b-50b567f42507","disabled":false,"settings":{}},"13768625480086291342":{"type":"shopify:\/\/apps\/forms\/blocks\/forms\/8744a304-fcb1-4347-b211-bb6b4759a76a","disabled":false,"settings":{}},"10384935893930344104":{"type":"shopify:\/\/apps\/seoant-redirects\/blocks\/brokenlink-404\/cc7b1996-e567-42d0-8862-356092041863","disabled":false,"settings":{}},"6610233760104865948":{"type":"shopify:\/\/apps\/pushowl\/blocks\/pushowl-app-embed-3d2ff2b5\/fa20c3ba-38bf-43e0-ba5c-431f6ae07d95","disabled":false,"settings":{}},"6174324309569838175":{"type":"shopify:\/\/apps\/smile-loyalty-rewards\/blocks\/smile-shopify-app\/2fae4e25-1841-4ea2-bc02-bd548478c4f6","disabled":false,"settings":{}},"10042746950867549768":{"type":"shopify:\/\/apps\/hulk-product-options\/blocks\/app-embed\/380168ef-9475-4244-a291-f66b189208b5","disabled":false,"settings":{}},"15683396631634586217":{"type":"shopify:\/\/apps\/inbox\/blocks\/chat\/841fc607-4181-4ad1-842d-e24d7f8bad6b","disabled":true,"settings":{"button_color":"#202a36","button_icon":"chat_bubble","button_text":"chat_with_us","button_horizontal_position":"bottom_right","button_vertical_position":"lowest","greeting_message":"👋 Hi, message us with any questions. We're happy to help!"}},"13375078075628245689":{"type":"shopify:\/\/apps\/powr-contact-form\/blocks\/app-embed\/1412fe37-d89c-4706-a797-6e2b53cb4a69","disabled":false,"settings":{}},"5043070786800498925":{"type":"shopify:\/\/apps\/ecomsend-restock\/blocks\/bis-switch\/b190bced-3b7b-47da-a05f-6ea4821c3a77","disabled":true,"settings":{}},"7333856334229879547":{"type":"shopify:\/\/apps\/doran-back-in-stock-preorder\/blocks\/app-embed\/aeb93bd4-c112-4bfe-bfbd-9cd73686d06e","disabled":false,"settings":{"custom_css":"","form_selector":"","atc_selector":"","atc_text_selector":"","variant_selector":""}},"16893857439154954152":{"type":"shopify:\/\/apps\/pwa-mobile-app\/blocks\/app-head-top\/f3b239f7-3e90-4ab2-8458-5a83727f15a6","disabled":false,"settings":{}}}}}