{
  "sections": {
    "main": {
      "type": "main-article",
      "blocks": {
        "bced6fd1-310d-4026-8786-1f886c51eec2": {
          "type": "category",
          "disabled": true,
          "settings": {
            "show_block": true,
            "heading": "Categories",
            "type": "1_level",
            "link_list": ""
          }
        },
        "96861bf3-10df-4b31-82bd-61aee2e9bc30": {
          "type": "recent_post",
          "disabled": true,
          "settings": {
            "show_block": true,
            "heading": "Recent Post",
            "number": 3
          }
        },
        "441f2329-1d0c-4d63-bcff-c7281f41bf54": {
          "type": "product_block",
          "disabled": true,
          "settings": {
            "show_block": true,
            "position": "sidebar",
            "column": "1",
            "heading": "Featured Products",
            "product_block_collection": "collection-home-1-2",
            "product_block_layout": "slider",
            "product_block_limit": 2,
            "product_block_dots": false,
            "product_block_arrows": true
          }
        },
        "71176645-a609-4ff4-90ca-dc2dedabac94": {
          "type": "image",
          "disabled": true,
          "settings": {
            "show_block": true,
            "heading": "",
            "link": ""
          }
        },
        "f1a4c4f6-e343-45a5-93ed-33109f5942ea": {
          "type": "image",
          "disabled": true,
          "settings": {
            "show_block": true,
            "heading": "",
            "link": ""
          }
        },
        "c04b7f25-8b25-4edb-a6fc-ed43934d98b4": {
          "type": "text",
          "disabled": true,
          "settings": {
            "show_block": true,
            "heading": "Custom Block",
            "text": "<p>Custom CMS block displayed at the left sidebar on the Catalog Page. Put your own content here: text, html, images, media... or whatever you like.<\/p>\n<p>There are many similar sample content placeholders across the store. All editable from admin panel.<\/p>"
          }
        },
        "9ffcbc70-f507-4049-874d-4e9915e05726": {
          "type": "image_gallery",
          "disabled": true,
          "settings": {
            "image_gallery_swipe_on_mobile": "slider",
            "column": "3",
            "column_mb": "1",
            "type_image_gallery": "popup_image",
            "image_gallery_title": "Sample Image Gallery",
            "color_title": "#232323",
            "fontsize_title": 14,
            "fontsize_title_mb": 14,
            "margin_bottom_title": 27,
            "item_distance": 15,
            "lookbook_style": "2",
            "enable_lookbook_width": false,
            "lookbook_width": 250,
            "dot_desktop_size": 24,
            "dot_mobile_size": 16,
            "dot_shadow_color": "rgba(255, 255, 255, 0.5)",
            "dot_outer_color": "#fff",
            "show_dot_number": false,
            "show_dot_number_mobile": false,
            "show_plus_icon": false,
            "dot_inner_color": "#000",
            "number_desktop_size": 24,
            "number_mobile_size": 16,
            "lookbook_truncate": "1",
            "show_image_1": true,
            "link_1": "",
            "lb_product_1_1": "",
            "horizontal_pos_1_1": 0,
            "vertical_pos_1_1": 0,
            "lookbook_pos_1_1": "right",
            "lb_product_1_2": "",
            "horizontal_pos_1_2": 0,
            "vertical_pos_1_2": 0,
            "lookbook_pos_1_2": "right",
            "show_image_2": true,
            "link_2": "",
            "lb_product_2_1": "",
            "horizontal_pos_2_1": 0,
            "vertical_pos_2_1": 0,
            "lookbook_pos_2_1": "right",
            "lb_product_2_2": "",
            "horizontal_pos_2_2": 0,
            "vertical_pos_2_2": 0,
            "lookbook_pos_2_2": "right",
            "show_image_3": true,
            "link_3": "",
            "lb_product_3_1": "",
            "horizontal_pos_3_1": 0,
            "vertical_pos_3_1": 0,
            "lookbook_pos_3_1": "right",
            "lb_product_3_2": "",
            "horizontal_pos_3_2": 0,
            "vertical_pos_3_2": 0,
            "lookbook_pos_3_2": "right",
            "show_image_4": true,
            "link_4": "",
            "lb_product_4_1": "",
            "horizontal_pos_4_1": 0,
            "vertical_pos_4_1": 0,
            "lookbook_pos_4_1": "right",
            "lb_product_4_2": "",
            "horizontal_pos_4_2": 0,
            "vertical_pos_4_2": 0,
            "lookbook_pos_4_2": "right",
            "show_image_5": true,
            "link_5": "",
            "lb_product_5_1": "",
            "horizontal_pos_5_1": 0,
            "vertical_pos_5_1": 0,
            "lookbook_pos_5_1": "right",
            "lb_product_5_2": "",
            "horizontal_pos_5_2": 0,
            "vertical_pos_5_2": 0,
            "lookbook_pos_5_2": "right",
            "show_image_6": true,
            "link_6": "",
            "lb_product_6_1": "",
            "horizontal_pos_6_1": 0,
            "vertical_pos_6_1": 0,
            "lookbook_pos_6_1": "right",
            "lb_product_6_2": "",
            "horizontal_pos_6_2": 0,
            "vertical_pos_6_2": 0,
            "lookbook_pos_6_2": "right",
            "show_image_7": true,
            "link_7": "",
            "lb_product_7_1": "",
            "horizontal_pos_7_1": 0,
            "vertical_pos_7_1": 0,
            "lookbook_pos_7_1": "right",
            "lb_product_7_2": "",
            "horizontal_pos_7_2": 0,
            "vertical_pos_7_2": 0,
            "lookbook_pos_7_2": "right",
            "show_image_8": true,
            "link_8": "",
            "lb_product_8_1": "",
            "horizontal_pos_8_1": 0,
            "vertical_pos_8_1": 0,
            "lookbook_pos_8_1": "right",
            "lb_product_8_2": "",
            "horizontal_pos_8_2": 0,
            "vertical_pos_8_2": 0,
            "lookbook_pos_8_2": "right"
          }
        },
        "ce82dddb-aa2f-428e-bd37-3e033250c238": {
          "type": "lookbook_banner",
          "disabled": true,
          "settings": {
            "margin_bottom": 40,
            "content_max_width": 400,
            "title_text": "SPRING SUMMER LOOKBOOK",
            "title_color": "#ffffff",
            "title_fs": 12,
            "title_fs_mb": 12,
            "title_fw": "500",
            "title_margin_bottom": 30,
            "button_1_text": "WOMEN",
            "button_1_text_color": "#ffffff",
            "button_1_background_color": "rgba(0,0,0,0)",
            "button_1_background_gradient_color": "",
            "button_1_border_color": "#ffffff",
            "button_1_text_color_hover": "#232323",
            "button_1_background_color_hover": "#ffffff",
            "button_1_background_gradient_color_hover": "",
            "button_1_border_color_hover": "#ffffff",
            "button_1_width": 370,
            "button_1_fs": 24,
            "button_1_fs_mb": 16,
            "button_1_fw": "700",
            "link_1": "shopify:\/\/collections",
            "button_2_text": "MEN",
            "button_2_text_color": "#ffffff",
            "button_2_background_color": "rgba(0,0,0,0)",
            "button_2_background_gradient_color": "",
            "button_2_border_color": "#ffffff",
            "button_2_text_color_hover": "#232323",
            "button_2_background_color_hover": "#ffffff",
            "button_2_background_gradient_color_hover": "",
            "button_2_border_color_hover": "#ffffff",
            "button_2_width": 370,
            "button_2_fs": 24,
            "button_2_fs_mb": 16,
            "button_2_fw": "700",
            "link_2": "shopify:\/\/collections"
          }
        },
        "73becaeb-c487-4f3b-93aa-39f4bef40c07": {
          "type": "block_quote",
          "disabled": true,
          "settings": {
            "enable_bg_color": true,
            "bg_color_content": "#fafafa",
            "title": "Sample Block Quote",
            "color_title": "#232323",
            "fontsize_title": 14,
            "margin_bottom_title": 12,
            "content": "Praesent vestibulum congue tellus at fringilla. Curabitur vitae semper sem, eu convallis est. Cras felis nunc commodo eu convallis vitae interdum non nisl. Maecenas ac est sit amet augue pharetra convallis.",
            "color_content": "#3c3c3c",
            "fontsize_content": 12,
            "margin_bottom": 40
          }
        },
        "df6f199c-e8b4-46e7-8d3f-12e6302e295c": {
          "type": "block_quote",
          "disabled": true,
          "settings": {
            "enable_bg_color": false,
            "bg_color_content": "#fafafa",
            "title": "Sample Paragraph Text",
            "color_title": "#232323",
            "fontsize_title": 14,
            "margin_bottom_title": 12,
            "content": "Praesent vestibulum congue tellus at fringilla. Curabitur vitae semper sem, eu convallis est. Cras felis nunc commodo eu convallis vitae interdum non nisl. Maecenas ac est sit amet augue pharetra convallis nec danos dui. Cras suscipit quam et turpis eleifend vitae malesuada magna congue. Damus id ullamcorper neque. Sed vitae mi a mi pretium aliquet ac sed elitos. Pellentesque nulla eros accumsan quis justo at tincidunt lobortis deli denimes, suspendisse vestibulum lectus in lectus volutpate.",
            "color_content": "#3c3c3c",
            "fontsize_content": 12,
            "margin_bottom": 40
          }
        }
      },
      "block_order": [
        "bced6fd1-310d-4026-8786-1f886c51eec2",
        "96861bf3-10df-4b31-82bd-61aee2e9bc30",
        "441f2329-1d0c-4d63-bcff-c7281f41bf54",
        "71176645-a609-4ff4-90ca-dc2dedabac94",
        "f1a4c4f6-e343-45a5-93ed-33109f5942ea",
        "c04b7f25-8b25-4edb-a6fc-ed43934d98b4",
        "9ffcbc70-f507-4049-874d-4e9915e05726",
        "ce82dddb-aa2f-428e-bd37-3e033250c238",
        "73becaeb-c487-4f3b-93aa-39f4bef40c07",
        "df6f199c-e8b4-46e7-8d3f-12e6302e295c"
      ],
      "settings": {
        "show_breadcrumb": false,
        "breadcrumb_alignment": "left",
        "breadcrumb_bg": "rgba(0,0,0,0)",
        "breadcrumb_gradient": "",
        "breadcrumb_bg_mb": "#f6f6f6",
        "breadcrumb_gradient_mb": "",
        "show_page_title": true,
        "page_title_alignment": "left",
        "container": "1170",
        "mg_top_desktop": 0,
        "mg_top_tablet": 0,
        "mg_top_mobile": 0,
        "mg_bottom_desktop": 0,
        "mg_bottom_tablet": 0,
        "mg_bottom_mobile": 0,
        "show_sidebar": true,
        "show_collapse": false,
        "enable_sticky": false,
        "sidebar_layout": "layout_1",
        "sidebar_collapse_default": "expand",
        "sidebar_position": "left",
        "sidebar_heading_font": "font_1",
        "sidebar_heading_font_size": 14,
        "sidebar_heading_font_weight": "700",
        "sidebar_heading_text_transform": "uppercase",
        "show_main_img": false,
        "show_author": true,
        "show_date": true,
        "show_tags": true,
        "show_share": true,
        "show_next_prev": true,
        "background_color": "",
        "title_font": "font_2",
        "title_font_size": 18,
        "title_mobile_font_size": 18,
        "title_font_weight": "600",
        "title_text_transform": "capitalize",
        "title_color": "#232323",
        "text_font_size": 12,
        "text_font_weight": "400",
        "text_text_transform": "none",
        "text_color": "#3c3c3c",
        "info_font_size": 12,
        "info_font_weight": "400",
        "info_text_transform": "capitalize",
        "info_font_style": "normal",
        "info_color": "#999999"
      }
    }
  },
  "order": [
    "main"
  ]
}
