{"sections":{"dropdown_ymm_73YniU":{"type":"dropdown-ymm","name":"Dropdown Year Make Model","settings":{}},"banner":{"type":"main-collection-banner","blocks":{"9b7804e4-9529-4c1a-aadc-2ca8b2710726":{"type":"description","disabled":true,"settings":{"show_collection_description":true,"show_read_more_read_less":false,"collection_description_position":"relative","collection_description_align_tb":"center","collection_description_align":"left","maxwidth_collection_description":40,"collection_description_color":"#232323","collection_description_bg":"#ffffff","collection_description_bg_gradient":"","show_sub_collection":false,"sub_collection_layout":"grid","maxheight_sub_collection":90,"sub_collection_description_position":"relative","sub_collection_type":"all","colors_bg":"#fafafa","colors_bg_gradient":"","all_sub_collection_padding_top":10,"all_sub_collection_padding_bottom":10,"sub_collection_title":"Jump To","sub_collection_title_color":"#000000","fontsize_sub_collection":12,"fontweight_sub_collection":"500","sub_collection_text_transform":"uppercase","show_sub_collection_image":false,"sub_collection_padding_top":10,"sub_collection_padding_bottom":10,"sub_collection_grid_gap":15,"color_sub_collection":"#ffffff","sub_collection_background":"#232323","sub_collection_background_gradient":"","sub_collection_border":"#232323","sub_collection_color_hover":"#232323","sub_collection_background_hover":"#ffffff","sub_collection_background_gradient_hover":"","sub_collection_border_hover":"#232323","sub_collection_mg_top":0}}},"block_order":["9b7804e4-9529-4c1a-aadc-2ca8b2710726"],"disabled":true,"settings":{"show_breadcrumb":true,"breadcrumb_alignment":"left","breadcrumb_color":"#999999","breadcrumb_bg":"rgba(0,0,0,0)","breadcrumb_gradient":"","breadcrumb_color_mb":"","breadcrumb_bg_mb":"#f6f6f6","breadcrumb_gradient_mb":"","show_page_title":true,"page_title_alignment":"left","container":"default","padding_full_width":0,"mg_top_desktop":0,"mg_top_tablet":0,"mg_top_mobile":0,"mg_bottom_desktop":0,"mg_bottom_tablet":0,"mg_bottom_mobile":0,"layout":"1"}},"custom_liquid_A8kK9m":{"type":"custom-liquid","disabled":true,"custom_css":[],"name":"t:sections.custom-liquid.presets.name","settings":{"custom_liquid":"{% assign products = collections['all-kies-products'].products %}\n\n{% assign years = \"\" %}\n{% assign models = \"\" %}\n{% assign chassis = \"\" %}\n{% assign engine_codes = \"\" %}\n\n{% for product in products %}\n  {% assign year = product.metafields.custom.year | upcase %}\n  {% assign model = product.metafields.custom.model | upcase %}\n  {% assign chassis_value = product.metafields.custom.chassis2 | upcase %}\n  {% assign engine_code = product.metafields.custom.engine_code | upcase %}\n\n  {% unless years contains year %}\n    {% if year %}\n      {% assign years = years | append: year | append: ',' %}\n    {% endif %}\n  {% endunless %}\n\n  {% unless models contains model %}\n    {% if model %}\n      {% assign models = models | append: model | append: ',' %}\n    {% endif %}\n  {% endunless %}\n\n  {% unless chassis contains chassis_value %}\n    {% if chassis_value %}\n      {% assign chassis = chassis | append: chassis_value | append: ',' %}\n    {% endif %}\n  {% endunless %}\n\n  {% unless engine_codes contains engine_code %}\n    {% if engine_code %}\n      {% assign engine_codes = engine_codes | append: engine_code | append: ',' %}\n    {% endif %}\n  {% endunless %}\n{% endfor %}\n\n{% assign years = years | split: \",\" | sort | uniq %}\n{% assign models = models | split: \",\" | sort | uniq %}\n{% assign chassis = chassis | split: \",\" | sort | uniq %}\n{% assign engine_codes = engine_codes | split: \",\" | sort | uniq %}\n\n<div id=\"vehicle-filter\">\n  <form id=\"filter-form\">\n    <div>\n      <label for=\"year-dropdown\">Year:<\/label>\n      <select id=\"year\">\n        <option value=\"\">Select Year<\/option>\n        {% for year in years %}\n          {% if year != \"\" %}\n            <option value=\"{{ year | strip }}\">{{ year | strip }}<\/option>\n          {% endif %}\n        {% endfor %}\n      <\/select>\n\n      <label for=\"model-dropdown\">Model:<\/label>\n      <select id=\"model\">\n        <option value=\"\">Select Model<\/option>\n        {% for model in models %}\n          {% if model != \"\" %}\n            <option value=\"{{ model | strip }}\">{{ model | strip }}<\/option>\n          {% endif %}\n        {% endfor %}\n      <\/select>\n\n      <label for=\"chassis-dropdown\">Chassis:<\/label>\n      <select id=\"chassis\">\n        <option value=\"\">Select Chassis<\/option>\n        {% for cha in chassis %}\n          {% if cha != \"\" %}\n            <option value=\"{{ cha | strip }}\">{{ cha | strip }}<\/option>\n          {% endif %}\n        {% endfor %}\n      <\/select>\n\n      <label for=\"engine-code-dropdown\">Engine Code:<\/label>\n      <select id=\"engine_code\">\n        <option value=\"\">Select Engine Code<\/option>\n        {% for code in engine_codes %}\n          {% if code != \"\" %}\n            <option value=\"{{ code | strip }}\">{{ code | strip }}<\/option>\n          {% endif %}\n        {% endfor %}\n      <\/select>\n\n      <button type=\"button\" onclick=\"filterProducts()\">Go<\/button>\n    <\/div>\n  <\/form>\n<\/div>\n\n<div id=\"filtered-products\">\n  <!-- Products will be dynamically rendered here -->\n<\/div>\n\n<script>\n  function filterProducts() {\n    const year = document.getElementById('year').value;\n    const model = document.getElementById('model').value;\n    const chassis = document.getElementById('chassis').value;\n    const engineCode = document.getElementById('engine_code').value;\n\n    const products = {{ collections['all-products-in-store'].products | json }};\n    const filtered = products.filter(product => {\n      const prodYear = product.metafields.custom.year ? product.metafields.custom.year.toUpperCase() : '';\n      const prodModel = product.metafields.custom.model ? product.metafields.custom.model.toUpperCase() : '';\n      const prodChassis = product.metafields.custom.chassis2 ? product.metafields.custom.chassis2.toUpperCase() : '';\n      const prodEngineCode = product.metafields.custom.engine_code ? product.metafields.custom.engine_code.toUpperCase() : '';\n\n      return (!year || prodYear == year) &&\n             (!model || prodModel == model) &&\n             (!chassis || prodChassis == chassis) &&\n             (!engineCode || prodEngineCode == engineCode);\n    });\n\n    const productContainer = document.getElementById('filtered-products');\n    productContainer.innerHTML = ''; \/\/ Clear current products\n\n    if (filtered.length) {\n      filtered.forEach((product) => {\n        const productCard = `\n          <div class=\"product-card\">\n            <h3>${product.title}<\/h3>\n            <!-- Add additional product details here -->\n          <\/div>\n        `;\n        productContainer.innerHTML += productCard;\n      });\n    } else {\n      productContainer.innerHTML = '<p>No products found.<\/p>';\n    }\n  }\n<\/script>"}},"dropdown_ymm_LtMh6W":{"type":"dropdown-ymm","disabled":true,"name":"Dropdown Year Make Model","settings":{}},"product-grid":{"type":"main-collection-product-grid","blocks":{"8472dad8-3289-4746-8b7f-e6ebe3175dd5":{"type":"lookbook","disabled":true,"settings":{"show_image":true,"link":"","show_title":true,"page_title_alignment":"left","page_title_text_transform":"none","fontsize_title":24,"margin_top_title":30,"title_color":"#232323","show_collection_description":true,"desc_alignment":"left","desc_pos":"top","fontsize_des":12,"margin_top_des":12,"margin_bottom":25,"des_color":"#3c3c3c"}},"2494aab3-e335-44b4-9020-326773265a05":{"type":"filter","disabled":true,"settings":{"heading":"Engine Code","list_tags":"N20,\nN26,\nN54,\nN55,\nB48,\nB58,\nS55,\nS58"}},"80b0a11c-fb01-4b89-8a29-1dbb2a1db16a":{"type":"category","disabled":true,"settings":{"show_block":true,"heading":"Categories","type":"3_level","link_list":"categories"}},"ce351101-2c54-4627-b740-b2c592067b4a":{"type":"filter","disabled":true,"settings":{"heading":"Color","list_tags":"White,Black,Blue,Invory,Beige,Brown,Silver,Olive,Gainsboro,DimGray,Burlywood,Lightblue,Salmon,LightPink,LightCoral"}},"6684d566-6940-4457-9cf9-f1a8a6e80573":{"type":"filter","disabled":true,"settings":{"heading":"Size","list_tags":"S,XS,M,L,XL"}},"3978fd59-b580-49e1-9893-38d762f48f10":{"type":"product_block","disabled":true,"settings":{"show_block":true,"heading":"Featured Products","product_block_collection":"collection-home-1-2","product_block_layout":"slider","product_block_limit":3,"product_block_dots":false,"product_block_arrows":true}},"dc4f771a-d1ea-42a7-8792-b895132fa9fe":{"type":"image","disabled":true,"settings":{"show_block":true,"heading":"","link":""}},"34930b49-8499-46d3-bf41-2cbb334ca73d":{"type":"image","disabled":true,"settings":{"show_block":true,"heading":"","link":""}},"2f7f02ac-4072-40ea-844f-59943e256971":{"type":"text","disabled":true,"settings":{"show_block":true,"heading":"Custom Block","text":"<p>Custom CMS block displayed at the left sidebar on the Catalog Page. Put your own content here: text, html, images, media... or whatever you like.<\/p>\n\n<p>There are many similar sample content placeholders across the store. All editable from admin panel.<\/p>"}}},"block_order":["8472dad8-3289-4746-8b7f-e6ebe3175dd5","2494aab3-e335-44b4-9020-326773265a05","80b0a11c-fb01-4b89-8a29-1dbb2a1db16a","ce351101-2c54-4627-b740-b2c592067b4a","6684d566-6940-4457-9cf9-f1a8a6e80573","3978fd59-b580-49e1-9893-38d762f48f10","dc4f771a-d1ea-42a7-8792-b895132fa9fe","34930b49-8499-46d3-bf41-2cbb334ca73d","2f7f02ac-4072-40ea-844f-59943e256971"],"settings":{"colors_bg":"rgba(0,0,0,0)","colors_bg_gradient":"","container":"container","padding_full_width":0,"mg_top_desktop":0,"mg_top_tablet":0,"mg_top_mobile":0,"mg_bottom_desktop":0,"mg_bottom_tablet":0,"mg_bottom_mobile":0,"show_sidebar":true,"sidebar_collapse":"collapse","enable_sticky":false,"sidebar_layout":"layout_2","sidebar_collapse_default":"expand","sidebar_type":"vertical","sidebar_position":"left","sidebar_heading_font":"font_1","sidebar_heading_font_size":14,"sidebar_heading_font_weight":"700","sidebar_heading_text_transform":"uppercase","show_filter":true,"filter_swatch":"Color","filter_swatch_type":"color","filter_swatch_layout":"color","filter_rectangle":"Size","filter_display_type":"show-more","max_item_per_filter":10,"filter_label_all":"","filter_hidden_tag_list":"","show_toolbar":true,"show_sorting":true,"show_item_per_page":true,"show_view_as":true,"products_per_page":"20","layout":"4","show_infinite_scrolling":"show_more","show_banner":false,"show_banner_1":true,"banner_position_1":"4","link_banner_1":"","show_banner_2":true,"banner_position_2":"5","link_banner_2":"","show_banner_3":true,"banner_position_3":"12","link_banner_3":"","product_space_between_vert_desk":30,"product_space_between_vert_mb":16,"product_space_between_horiz_desk":60,"product_space_between_horiz_mb":30}},"product-recently-viewed":{"type":"product-recently-viewed","disabled":true,"settings":{"display_product_recently_viewed":true,"product_recently_viewed_container":"container","padding_full_width":0,"enable_border_top":true,"enable_border_bottom":false,"color_border_bottom":"#e8e8e8","border_style":"container","mg_top_desktop":0,"mg_top_tablet":0,"mg_top_mobile":0,"mg_bottom_desktop":0,"mg_bottom_tablet":0,"mg_bottom_mobile":0,"product_recently_viewed_layout":"slider","product_bg":"#ffffff","product_bg_gradient":"","style_block_header":"style1","product_recently_viewed_title":"Recently Viewed Products","enable_border_title":false,"mg_top_title":26,"mg_bottom_title":3,"fontsize_title":18,"fontsize_title_mb":18,"border_color_title":"#232323","color_title":"#232323","product_recently_viewed_title_align":"center","product_recently_viewed_limit":10,"product_recently_viewed_image_ratio":"adapt","grid_gap":30,"product_recently_viewed_per_row":"5","product_recently_viewed_swipe_on_mobile":true,"product_recently_viewed_dots":false,"product_recently_viewed_dots_mb":true,"product_recently_viewed_arrows":true,"product_recently_viewed_arrows_mb":false,"product_recently_viewed_show":"5","product_block_per_view":"4","show_half":true,"scroll_height":4,"scroll_track_bg":"#f1f1f1","scroll_thumb_color":"#000000","scroll_thumb_hover_color":"#444444","enable_hover_drag_icon":true,"enable_layout_special":false,"bg_card":"#ffffff","padding_card":15,"border_radius_card":5,"border_layout_card":"full","border_width_card":5,"border_color_card":"#f0f1f4"}},"csv_year_makemodel_WBWncn":{"type":"csv-year-makemodel","disabled":true,"name":"CSV Make Model Search","settings":{"csv_path":"https:\/\/cdn.shopify.com\/s\/files\/1\/0074\/3702\/5395\/files\/Kies_Sports_-_Sheet1.csv?v=1695145482","container":"container","padding_full_width":0,"mg_top_desktop":50,"mg_top_tablet":50,"mg_top_mobile":50,"mg_bottom_desktop":50,"mg_bottom_tablet":50,"mg_bottom_mobile":50,"brand_bg":"#ffffff","brand_bg_gradient":"","brand_title":"","color_title":"#232323","fontsize_title":16,"fontsize_title_mb":16,"brand_des":"","color_des":"#3c3c3c","fontsize_des":16,"title_align":"center","menu":"","grid_gap":5,"padding_vertical":5,"padding_hozi":5,"border_radius":5,"fontsize_tab":16,"color_tab":"#232323","border_color":"#f9ede1","bg_color_tab":"#f9ede1","bg_color_gradient_tab":"","color_active":"#232323","border_color_active":"#f9ede1","bg_color_active":"#f9ede1","bg_color_gradient_active":""}}},"order":["dropdown_ymm_73YniU","banner","custom_liquid_A8kK9m","dropdown_ymm_LtMh6W","product-grid","product-recently-viewed","csv_year_makemodel_WBWncn"]}