{"sections":{"product_bundler_zKyeRA":{"type":"product-bundler","blocks":{"discount_tier_hiCa4B":{"type":"discount_tier","settings":{"min_quantity":2,"tier_text":"Select 2+ Products","progress_text":"5% OFF ALMOST THERE!","discount_amount":5,"discount_type":"percent","discount_code":"BUNDLE5"}}},"block_order":["discount_tier_hiCa4B"],"name":"Product Bundler","settings":{"title":"Build Your Bundle","description":"Mix and match to save more","exclude_tag_text":"No Discount Available","product_selection_type":"specific","product_collection":"","selected_products":["kies-wifi-enet-adapter-for-f-g-series-bmw-mini-and-the-a90-a91-toyota-supra","mhd-super-license-for-n13","bootmod3rev2"],"excluded_products":["bootmod3rev2"]}},"year_make_model_8inNJG":{"type":"year-make-model","disabled":true,"name":"Search Filters Make Year","settings":{"csv_path":"https:\/\/cdn.shopify.com\/s\/files\/1\/0074\/3702\/5395\/files\/Kies_Sports_-_Sheet1.csv?v=1695145482","container":"container","padding_full_width":0,"mg_top_desktop":50,"mg_top_tablet":50,"mg_top_mobile":50,"mg_bottom_desktop":50,"mg_bottom_tablet":50,"mg_bottom_mobile":50,"brand_bg":"#ffffff","brand_bg_gradient":"","brand_title":"","color_title":"#232323","fontsize_title":16,"fontsize_title_mb":16,"brand_des":"","color_des":"#3c3c3c","fontsize_des":16,"title_align":"center","menu":"","grid_gap":5,"padding_vertical":5,"padding_hozi":5,"border_radius":5,"fontsize_tab":16,"color_tab":"#232323","border_color":"#f9ede1","bg_color_tab":"#f9ede1","bg_color_gradient_tab":"","color_active":"#232323","border_color_active":"#f9ede1","bg_color_active":"#f9ede1","bg_color_gradient_active":""}},"vehicle_filter_VEE7QF":{"type":"vehicle-filter","disabled":true,"name":"Vehicle Filter","settings":{}},"16321237356a896dad":{"type":"slide-show","blocks":{"f5bb7173-4e6d-4129-8c25-7a3bb60a7dcd":{"type":"video","settings":{"style_video":"mp4","video_link":"","enable_border_line":false,"padding_vertical":0,"bg_color_content":"","border_color_content":"","content_width":250,"alignment":"center","enable_custom_position":false,"custom_horizontal":"","custom_vertical":"","text_alignment":"center","video_mp4_link":"https:\/\/cdn.shopify.com\/videos\/c\/o\/v\/6dcf6d3e6023412f981af31fa2c10abf.mov","video_mp4_link_mobile":"https:\/\/cdn.shopify.com\/videos\/c\/o\/v\/6dcf6d3e6023412f981af31fa2c10abf.mov","sub_heading":"","letter_spacing_sub_title":"","font_size_sub_heading":30,"sub_heading_spacing_bottom":20,"font_weight_sub_heading":"400","border_sub_heading":"none","sub_title_position":"sub_title_above","color_sub_heading":"#ffffff","color_sub_heading_mb":"#ffffff","heading":"","letter_spacing_heading":"","font_size_heading":40,"line_height_heading":40,"heading_spacing_bottom":8,"color_heading":"#232323","color_heading_mb":"#ffffff","slide-des":"","des_spacing_bottom":35,"font_size_des":12,"color_des":"#232323","color_des_mb":"#ffffff","button_slide":"","link":"https:\/\/www.kiesmotorsports.com\/collections","enable_button_link":true,"enable_underline":false,"font_size_link":100,"min_width_banner_button":600,"color_button":"#ffffff","bg_button":"#232323","border_button":"rgba(0,0,0,0)","color_button_hover":"#ffffff","bg_button_hover":"#232323","border_button_hover":"#232323"}}},"block_order":["f5bb7173-4e6d-4129-8c25-7a3bb60a7dcd"],"custom_css":[],"settings":{"container":"fullwidth","padding_full_width":0,"mg_top_desktop":0,"mg_top_tablet":0,"mg_top_mobile":0,"mg_bottom_desktop":0,"mg_bottom_tablet":0,"mg_bottom_mobile":0,"slideshow_background":"","slideshow_background_gradient":"","autoplay":false,"slideshow_speed":"5000","slideshow_transition":"true","dots":"true","dots_color":"rgba(0,0,0,0)","dots_border_color":"rgba(0,0,0,0)","dots_active_color":"rgba(0,0,0,0)","dots_active_border_color":"rgba(0,0,0,0)","dots_direction":"bottom","dots_shape":"disc","position_slick_dots":"34px","dots_opacity":false,"arrow_active":false,"enable_custom_arrow":false,"arrow_width":35,"arrow_height":35,"arrow_size_icon":17,"arrow_color":"#666d6d","arrow_border_color":"#666d6d","arrow_bg_color":"#ffffff","arrow_color_hover":"","arrow_border_color_hover":"","arrow_bg_color_hover":"","position_slick_arrow":"10%","position_vertical_slick_arrow":"50%","image_behavior":"none","video_height":"29%","video_height_m":"56%","auto_playvideo":true,"enable_categories":false,"text_categories":"","title_color":"#ffffff","bg_title":"#fd6506","text_icon_color":"#202020","menu_category":"","enable_banner":false,"lookbook_style":"1","enable_lookbook_width":false,"lookbook_width":345,"dot_desktop_size":24,"dot_mobile_size":16,"dot_shadow_color":"#ffffff","dot_outer_color":"#ffffff","show_dot_number":false,"show_dot_number_mobile":false,"show_plus_icon":false,"dot_inner_color":"#000000","number_desktop_size":24,"number_mobile_size":16,"lookbook_truncate":"1"}},"custom_liquid_hp3qft":{"type":"custom-liquid","disabled":true,"name":"t:sections.custom-liquid.presets.name","settings":{"custom_liquid":"<div\n    class=\"custom-text-block make-year-model section-block-{{section.id}}\"\n    id=\"custom-text-{{section.id}}\"\n>\n  <div class=\"{% if section.settings.container == 'fullwidth' %}container-full{% elsif section.settings.container == '1170' %}container-1170{% elsif section.settings.container == '1770' %}container-1770{% else %}container{% endif %}\">\n    {% if section.settings.brand_title != blank or section.settings.brand_des != blank %}\n      <div class=\"halo-block-header text-{{ section.settings.title_align }}\">\n        {% if section.settings.brand_title != blank %}\n          <h3 class=\"title\">\n            <span class=\"text\">\n              {{ section.settings.brand_title }}\n            <\/span>\n          <\/h3>\n        {% endif %}\n        {% if section.settings.brand_des != blank %}\n          <div class=\"rte subtext-brand\">\n            {{ section.settings.brand_des }}\n          <\/div>\n        {% endif %}\n      <\/div>\n    {% endif %}\n    <div id=\"data-search\">\n      <select id=\"year\" class=\"select__select\">\n        <option value=\"\">Select Year<\/option>\n      <\/select>\n      <select id=\"model\" class=\"select__select\" disabled>\n        <option value=\"\">Select Model<\/option>\n      <\/select>\n      <select id=\"chassis\" class=\"select__select\" disabled>\n        <option value=\"\">Select Chassis<\/option>\n      <\/select>\n      <select id=\"engineCode\" class=\"select__select\" disabled>\n        <option value=\"\">Select Engine Code<\/option>\n      <\/select>\n      <div class=\"ymm-submit\">\n        <button type=\"submit\" class=\"button button--primary ymm-search\">GO!<\/button>\n      <\/div>\n    <\/div>\n  <\/div>\n<\/div>\n\n<script>\n  document.addEventListener('DOMContentLoaded', function () {\n    const products = {{ collections.all.products | json }};\n\n    const dropdowns = {\n      year: document.getElementById('year'),\n      model: document.getElementById('model'),\n      chassis: document.getElementById('chassis'),\n      engineCode: document.getElementById('engineCode'),\n    };\n\n    \/\/ Function to get unique values for a specific metafield\n    function getUniqueValues(products, metafieldKey, filters = {}) {\n      const filteredProducts = products.filter(product => {\n        return Object.keys(filters).every(key => product.metafields[key] === filters[key]);\n      });\n\n      return [...new Set(filteredProducts.map(product => product.metafields[metafieldKey]).filter(Boolean))].sort();\n    }\n\n    \/\/ Populate the Year dropdown on page load\n    const years = getUniqueValues(products, 'custom.year');\n    years.forEach(year => {\n      const option = document.createElement('option');\n      option.value = year;\n      option.textContent = year;\n      dropdowns.year.appendChild(option);\n    });\n\n    \/\/ Event handlers for filtering\n    dropdowns.year.addEventListener('change', function () {\n      const selectedYear = dropdowns.year.value;\n      dropdowns.model.innerHTML = '<option value=\"\">Select Model<\/option>';\n      dropdowns.chassis.innerHTML = '<option value=\"\">Select Chassis<\/option>';\n      dropdowns.engineCode.innerHTML = '<option value=\"\">Select Engine Code<\/option>';\n      dropdowns.model.disabled = !selectedYear;\n      dropdowns.chassis.disabled = true;\n      dropdowns.engineCode.disabled = true;\n\n      if (selectedYear) {\n        const models = getUniqueValues(products, 'custom.model', { 'custom.year': selectedYear });\n        models.forEach(model => {\n          const option = document.createElement('option');\n          option.value = model;\n          option.textContent = model;\n          dropdowns.model.appendChild(option);\n        });\n      }\n    });\n\n    dropdowns.model.addEventListener('change', function () {\n      const selectedYear = dropdowns.year.value;\n      const selectedModel = dropdowns.model.value;\n      dropdowns.chassis.innerHTML = '<option value=\"\">Select Chassis<\/option>';\n      dropdowns.engineCode.innerHTML = '<option value=\"\">Select Engine Code<\/option>';\n      dropdowns.chassis.disabled = !selectedModel;\n      dropdowns.engineCode.disabled = true;\n\n      if (selectedModel) {\n        const chassisList = getUniqueValues(products, 'custom.chassis', {\n          'custom.year': selectedYear,\n          'custom.model': selectedModel,\n        });\n        chassisList.forEach(chassis => {\n          const option = document.createElement('option');\n          option.value = chassis;\n          option.textContent = chassis;\n          dropdowns.chassis.appendChild(option);\n        });\n      }\n    });\n\n    dropdowns.chassis.addEventListener('change', function () {\n      const selectedYear = dropdowns.year.value;\n      const selectedModel = dropdowns.model.value;\n      const selectedChassis = dropdowns.chassis.value;\n      dropdowns.engineCode.innerHTML = '<option value=\"\">Select Engine Code<\/option>';\n      dropdowns.engineCode.disabled = !selectedChassis;\n\n      if (selectedChassis) {\n        const engineCodes = getUniqueValues(products, 'custom.engine_code', {\n          'custom.year': selectedYear,\n          'custom.model': selectedModel,\n          'custom.chassis': selectedChassis,\n        });\n        engineCodes.forEach(engineCode => {\n          const option = document.createElement('option');\n          option.value = engineCode;\n          option.textContent = engineCode;\n          dropdowns.engineCode.appendChild(option);\n        });\n      }\n    });\n\n    \/\/ Event handler for the \"GO\" button\n    document.querySelector('.ymm-search').addEventListener('click', function () {\n      const filters = {\n        year: dropdowns.year.value,\n        model: dropdowns.model.value,\n        chassis: dropdowns.chassis.value,\n        engineCode: dropdowns.engineCode.value,\n      };\n\n      const filteredProducts = products.filter(product => {\n        return (\n          (!filters.year || product.metafields['custom.year'] === filters.year) &&\n          (!filters.model || product.metafields['custom.model'] === filters.model) &&\n          (!filters.chassis || product.metafields['custom.chassis'] === filters.chassis) &&\n          (!filters.engineCode || product.metafields['custom.engine_code'] === filters.engineCode)\n        );\n      });\n\n      renderProducts(filteredProducts);\n    });\n\n    \/\/ Render filtered products\n    function renderProducts(products) {\n      const container = document.getElementById('data-search');\n      const productContainer = document.createElement('div');\n      productContainer.classList.add('product-results');\n      container.innerHTML = ''; \/\/ Clear previous results\n\n      if (products.length === 0) {\n        container.innerHTML = '<p>No products found matching your criteria.<\/p>';\n        return;\n      }\n\n      products.forEach(product => {\n        const productCard = `\n          <div class=\"product-card\">\n            <a href=\"\/products\/${product.handle}\">\n              <img src=\"${product.featured_image}\" alt=\"${product.title}\" \/>\n              <h3>${product.title}<\/h3>\n              <p>${product.price}<\/p>\n            <\/a>\n          <\/div>\n        `;\n        productContainer.innerHTML += productCard;\n      });\n\n      container.appendChild(productContainer);\n    }\n  });\n<\/script>\n\n<style>\n  #data-search {\n    display: grid;\n    grid-template-columns: repeat(5, 1fr);\n    gap: 20px;\n  }\n  .select__select {\n    padding: 10px;\n    font-size: 16px;\n    border: 1px solid #ccc;\n    border-radius: 5px;\n  }\n  .ymm-submit {\n    grid-column: span 2;\n    text-align: center;\n  }\n  .ymm-search {\n    padding: 10px 20px;\n    font-size: 18px;\n    background-color: #007bff;\n    color: #fff;\n    border: none;\n    border-radius: 5px;\n    cursor: pointer;\n  }\n  .ymm-search:hover {\n    background-color: #0056b3;\n  }\n  .product-card {\n    border: 1px solid #ddd;\n    padding: 10px;\n    text-align: center;\n  }\n  .product-card img {\n    max-width: 100%;\n    height: auto;\n  }\n<\/style>"}},"dropdown_ymm_anyL3E":{"type":"dropdown-ymm","name":"Dropdown Year Make Model","settings":{"bg_color":"#202b3d","font_color":"#ffffff","font_family":"rajdhani_n4","input_font_family":"rajdhani_n4","title_color":"#ffffff","title_font_size":20,"input_bg":"#ffffff","input_border":"#cccccc","input_font_color":"#202b3d","input_font_size":14,"input_radius":4,"input_padding":10,"button_bg":"#ff0000","button_text_color":"#ffffff","button_border":"#ff0000","button_hover_bg":"#ffffff","button_hover_text_color":"#000000","button_hover_border":"#ffffff","padding_top":40,"padding_bottom":40,"padding_top_mobile":20,"padding_bottom_mobile":20,"input_font_size_mobile":16,"input_padding_mobile":10,"button_font_size_mobile":16}},"two_image_cards_Uekgkk":{"type":"two-image-cards","blocks":{"card_bdHdwY":{"type":"card","settings":{"card_image":"shopify:\/\/shop_images\/6767e28f2b53426c4dc8bccd_6767dfbda7c81b502c8c79e4_Add20subheading_20_10.webp","card_link":"shopify:\/\/pages\/bmw"}},"card_iGwQ9j":{"type":"card","settings":{"card_image":"shopify:\/\/shop_images\/porsche-brand-logo-car-symbol-with-name-yellow-design-german-automobile-illustration-with-red-background-free-vector_00de6b08-5b3d-4392-bd80-e6b2c483861a.jpg","card_link":"shopify:\/\/pages\/porsche"}}},"block_order":["card_bdHdwY","card_iGwQ9j"],"disabled":true,"name":"Two Image Cards","settings":{"section_title":"Browse products for"}},"two_column_slider_9Cp4xR":{"type":"two-column-slider","blocks":{"vertical_block_qKFhTt":{"type":"vertical_block","settings":{"vertical_image":"shopify:\/\/shop_images\/Two-Column_Vertical_CanChecked_25.png","vertical_ytvimeo_video":"","vertical_link":"shopify:\/\/collections\/canchecked"}},"vertical_block_LW9xpC":{"type":"vertical_block","settings":{"vertical_image":"shopify:\/\/shop_images\/Two-Column_Vertical_REV2_25.png","vertical_ytvimeo_video":"","vertical_link":"shopify:\/\/products\/bootmod3rev2"}},"vertical_block_A4qdcc":{"type":"vertical_block","settings":{"vertical_image":"shopify:\/\/shop_images\/Two-Column_Vertical_ValveController_25.png","vertical_ytvimeo_video":"","vertical_link":"shopify:\/\/products\/kies-motorsports-valve-controller"}},"horizontal_block_TpLgVa":{"type":"horizontal_block","settings":{"horizontal_image":"shopify:\/\/shop_images\/Two-Column_Horizontal_NewProducts_032025.png","horizontal_ytvimeo_video":"","horizontal_link":"shopify:\/\/collections\/newest-kies-products"}},"horizontal_block_7H9H8V":{"type":"horizontal_block","settings":{"horizontal_image":"shopify:\/\/shop_images\/Two-Column_Horizontal_TaxSale_032025.png","horizontal_ytvimeo_video":"","horizontal_link":"shopify:\/\/collections\/tax-sale"}}},"block_order":["vertical_block_qKFhTt","vertical_block_LW9xpC","vertical_block_A4qdcc","horizontal_block_TpLgVa","horizontal_block_7H9H8V"],"disabled":true,"settings":{"no_gap":true,"gap_between":5,"full_width":true,"hide_horizontal":false,"hide_vertical":false,"dot_color":"#ffffff","active_dot_color":"#ffffff","pagination_size":10,"top_margin":0,"bottom_margin":0,"border_width":0,"border_color":"#000000"}},"custom_appointment_form_NpfEnV":{"type":"custom-appointment-form","name":"Custom Appointment Form","settings":{}},"1759945665db40a936":{"type":"apps","blocks":{"forms_inline_fxxz6V":{"type":"shopify:\/\/apps\/forms\/blocks\/inline\/8744a304-fcb1-4347-b211-bb6b4759a76a","settings":{"form_id":"691062","text_color":"#202020","button_background_color":"#202020","button_label_color":"#ffffff","links_color":"#1878b9","errors_color":"#e02229","text_alignment":"center","form_alignment":"center","padding_top":25,"padding_bottom":25,"padding_right":20,"padding_left":20}}},"block_order":["forms_inline_fxxz6V"],"settings":{"include_margins":false}},"1632304586ad9b5b3b":{"type":"brand-slider","blocks":{"41b12b4c-82b5-4352-8517-389aad8e189c":{"type":"image","settings":{"image":"shopify:\/\/shop_images\/G80_6613530c-90c7-44e9-945d-d7515067a0aa.jpg","title":"G80","color_text":"#406b5d","color_text_hover":"#acacac","description":"<div class=\"vehicle-desc\">\n<p>2022<\/p>\n<p><i>M3<\/i><\/p>\n<\/div>","color_des":"#939393","link":"shopify:\/\/collections\/g80-bmw-m3"}},"image_3XMV6P":{"type":"image","settings":{"image":"shopify:\/\/shop_images\/F90.jpg","title":"F90","color_text":"#686356","color_text_hover":"#acacac","description":"<div class=\"vehicle-desc\">\n<p>2018-2022<\/p>\n<p><i>M5<\/i><\/p>\n<\/div>","color_des":"#939393","link":"shopify:\/\/collections\/m5-f90-2017-present"}},"image_GXWPAW":{"type":"image","settings":{"image":"shopify:\/\/shop_images\/F30_00cf5e69-94c0-44ca-ad27-aec6ef8bb6ce.jpg","title":"F30","color_text":"#25597b","color_text_hover":"#ffffff","description":"<div class=\"vehicle-desc\">\n<p>2012 - 2018<\/p>\n<p><i>320i\/328i\/330i\/335i\/340i<\/i><\/p>\n<\/div>","color_des":"#939393","link":"shopify:\/\/collections\/f30"}},"image_PnX4Dn":{"type":"image","settings":{"image":"shopify:\/\/shop_images\/G20_fef2635f-f112-4c01-a2cb-ee77e8491f73.jpg","title":"G20","color_text":"#3f3f3f","color_text_hover":"#ffffff","description":"<div class=\"vehicle-desc\">\n<p>2019-2023<\/p>\n<p><i>330i\/M340i<\/i><\/p>\n<\/div>","color_des":"#939393","link":"shopify:\/\/collections\/g20-2019-present"}},"image_zhWBrF":{"type":"image","settings":{"image":"shopify:\/\/shop_images\/Supra_02e22390-08fa-4b92-ac7f-457a64284031.jpg","title":"Supra","color_text":"#65865e","color_text_hover":"#ffffff","description":"","color_des":"#cccccc","link":"shopify:\/\/collections\/a90-toyota-supra"}},"image_znVtf6":{"type":"image","settings":{"image":"shopify:\/\/shop_images\/Turbo-S.jpg","title":"992 Turbo S","color_text":"#2f628b","color_text_hover":"#ffffff","description":"","color_des":"#cccccc","link":"shopify:\/\/collections\/porsche-992-turbo"}},"image_UAwWEg":{"type":"image","settings":{"image":"shopify:\/\/shop_images\/F10.jpg","title":"F10","color_text":"#585555","color_text_hover":"#ffffff","description":"<div class=\"vehicle-desc\">\n<p>2010-2016<\/p>\n<p><i>M5\/528i\/535i\/550i<\/i><\/p>\n<\/div>","color_des":"#939393","link":"shopify:\/\/collections\/f10-2009-2017"}},"image_HRrG3C":{"type":"image","settings":{"image":"shopify:\/\/shop_images\/G30_df8a75b6-0f0b-4460-9a07-f5518ab7a4e4.jpg","title":"G30","color_text":"#000000","color_text_hover":"#acacac","description":"<div class=\"vehicle-desc\">\n<p>2018-2023<\/p>\n<p><i>530i\/540i\/M550i<\/i><\/p>\n<\/div>","color_des":"#939393","link":"shopify:\/\/collections\/g30-2016-2023"}},"image_rGtjeh":{"type":"image","settings":{"image":"shopify:\/\/shop_images\/F32_0d7724ed-277a-44fb-8094-9258ba8b2ee1.jpg","title":"F32","color_text":"#000000","color_text_hover":"#acacac","description":"<div class=\"vehicle-desc\">\n<p>2014-2019<\/p>\n<p><i>428i\/430i\/435i\/440i<\/i><\/p>\n<\/div>","color_des":"#939393","link":"shopify:\/\/collections\/f32-2014-2020"}},"image_3ti84h":{"type":"image","settings":{"image":"shopify:\/\/shop_images\/F82_ace97dac-07a3-4adb-ba97-f44ce86c0224.jpg","title":"F82","color_text":"#000000","color_text_hover":"#acacac","description":"<div class=\"vehicle-desc\">\n<p>2015-2017<\/p>\n<p><i>M5<\/i><\/p>\n<\/div>","color_des":"#939393","link":"shopify:\/\/collections\/f82"}},"image_DhFFWq":{"type":"image","settings":{"image":"shopify:\/\/shop_images\/Carrera-4S.jpg","title":"992","color_text":"#394866","color_text_hover":"#ffffff","description":"","color_des":"#cccccc","link":"shopify:\/\/collections\/porsche-992"}},"image_7NyMWy":{"type":"image","settings":{"image":"shopify:\/\/shop_images\/F87_6d1f5f88-9069-433f-aea0-e66e3db82b5e.jpg","title":"F87","color_text":"#000000","color_text_hover":"#acacac","description":"<div class=\"vehicle-desc\">\n<p>2016-2022<\/p>\n<p><i>M2<\/i><\/p>\n<\/div>","color_des":"#939393","link":"shopify:\/\/collections\/f87"}},"image_MrBWJH":{"type":"image","settings":{"image":"shopify:\/\/shop_images\/G82_350f37ae-55c3-4cc6-96b0-87d76304e840.jpg","title":"G82","color_text":"#5d5c5c","color_text_hover":"#acacac","description":"<div class=\"vehicle-desc\">\n<p>2022<\/p>\n<p><i>M4<\/i><\/p>\n<\/div>","color_des":"#939393","link":"shopify:\/\/collections\/g82-bmw-m4"}},"image_KzkEJz":{"type":"image","settings":{"image":"shopify:\/\/shop_images\/G87_59f77c6a-47d9-4136-93b6-06d437321d65.jpg","title":"G87","color_text":"#3b5a6e","color_text_hover":"#acacac","description":"<div class=\"vehicle-desc\">\n<p>2022<\/p>\n<p><i>M2<\/i><\/p>\n<\/div>","color_des":"#939393","link":"shopify:\/\/collections\/m2-g87"}}},"block_order":["41b12b4c-82b5-4352-8517-389aad8e189c","image_3XMV6P","image_GXWPAW","image_PnX4Dn","image_zhWBrF","image_znVtf6","image_UAwWEg","image_HRrG3C","image_rGtjeh","image_3ti84h","image_DhFFWq","image_7NyMWy","image_MrBWJH","image_KzkEJz"],"custom_css":[],"settings":{"container":"fullwidth","padding_full_width":0,"brands_block_style":"style_1","brand_layout":"slider","scroll_from":"rtl","brand_scroll_time":"50","display_brand_border":false,"brand_bg":"#ffffff","brand_bg_gradient":"linear-gradient(180deg, rgba(167, 175, 176, 1) 2%, rgba(255, 255, 255, 1) 17%, rgba(255, 255, 255, 1) 86%)","title_align":"center","brand_title":"SLIDE TO PICK YOUR VEHICLE","color_title":"#000000","fontsize_title":17,"fontsize_title_mb":14,"mg_bottom_title":0,"enable_background_title":true,"enable_border_title":false,"border_color_title":"#202b3d","brand_des":"","color_des":"#3c3c3c","fontsize_des":10,"mg_bottom_des":0,"view_all":"","view_all_fs":10,"font_weight_view_all":"400","mg_bottom_view":0,"enable_border_view_all":true,"link_view_all":"","color_view_all":"#202b3d","icon_view_all":"","color_view_all_icon":"#eb492f","view_all_icon_side":"left","btn_text":"","fontsize_btn":10,"btn_spacing_top":0,"btn_color":"#828282","btn_link":"","enable_autoplay":true,"brand_speed":"5000","brand_rows":"5","enable_arrows":false,"enable_dots":false,"enable_center_mode":false,"style_position_arrows":"none","position_horizontal_arrow":15,"color_arrow":"#000000","arrow_background":"","arrow_background_gradient":"","arrow_border":"#000000","color_arrow_hover":"","arrow_background_hover":"","arrow_background_gradient_hover":"","arrow_border_hover":"","brand_rows_mb":"2","slider_spacing_mobile":10,"brand_image_ratio":"adapt","item_distance":0,"margin_bottom_image":5,"brand_item_border":"none","border_radius":0,"border_color":"#e2e5e7","border_color_hover":"#2d2d2d","hover_effect":"zoom","color_underline_image_hover":"#000000","fontsize_text":17,"fontsize_text_mb":13,"font_weight_title":"700","margin_bottom_title":0,"mg_top_desktop":20,"mg_top_tablet":20,"mg_top_mobile":20,"mg_bottom_desktop":20,"mg_bottom_tablet":20,"mg_bottom_mobile":10,"gap_desktop":0,"gap_tablet":0,"gap_mobile":0}},"slide_show_banner_tEWVpg":{"type":"slide-show-banner","blocks":{"image_QLVKg3":{"type":"image","settings":{"block_schedule_banner":false,"block_start_datetime":"2025-03-03 12:00:00","block_end_datetime":"2025-03-16 20:00:00","image_slide":"shopify:\/\/shop_images\/NewestProducts_25WebBanner.png","image_slide_mb":"shopify:\/\/shop_images\/NewestProducts_25WebBanner.png","alignment":"left","enable_custom_position":false,"custom_horizontal":"","custom_vertical":"","enable_position_outside_image":false,"text_alignment":"center","enable_border_line":false,"padding_vertical":30,"content_width":475,"bg_color_content":"","border_color_content":"","profile_name":"","profile_name_color":"","profile_name_fs":20,"profile_name_fs_mb":20,"profile_name_fw":"normal","profile_title":"","profile_title_color":"","profile_title_fs":20,"profile_title_fs_mb":20,"profile_title_fw":"normal","profile_spacing_bottom":50,"sub_heading":"","letter_spacing_sub_title":"","font_size_sub_heading":30,"sub_heading_spacing_bottom":20,"font_weight_sub_heading":"400","border_sub_heading":"none","sub_title_position":"sub_title_above","color_sub_heading":"#ffffff","heading":"","letter_spacing_heading":"","enable_border_heading":false,"font_style_heading":"normal","font_size_heading":40,"line_height_heading":40,"heading_spacing_bottom":8,"color_heading":"#232323","slide-des":"","font_size_des":12,"des_spacing_bottom":35,"color_des":"#232323","sub_heading_mb":"","font_size_sub_heading_mb":20,"sub_heading_spacing_bottom_mb":20,"font_weight_sub_heading_mb":"400","border_sub_heading_mb":"none","color_sub_heading_mb":"#ffffff","heading_mb":"","font_style_heading_mb":"normal","font_size_heading_mb":24,"line_height_heading_mb":24,"heading_spacing_bottom_mb":8,"color_heading_mb":"#ffffff","slide-des-mb":"","font_size_des_mb":12,"des_spacing_bottom_mb":35,"color_des_mb":"#ffffff","enable_icon_button":false,"enable_button_link":false,"enable_underline":true,"font_size_link":36,"button_slide":"","link":"shopify:\/\/collections\/newest-kies-products","button_style":"button_1","button_slide_2":"","link_2":"shopify:\/\/collections\/newest-kies-products","min_width_banner_button":270,"color_button":"#ffffff","border_button":"#232323","bg_button":"#232323","bg_button_gradient":"","color_button_hover":"#ffffff","border_button_hover":"#232323","bg_button_hover":"#232323","bg_button_gradient_hover":"","lb_product_1":"","horizontal_pos_1":0,"vertical_pos_1":0,"lookbook_pos_1":"right","lb_product_2":"","horizontal_pos_2":0,"vertical_pos_2":0,"lookbook_pos_2":"right","lb_product_3":"","horizontal_pos_3":0,"vertical_pos_3":0,"lookbook_pos_3":"right"}},"image_Pz8g4P":{"type":"image","settings":{"block_schedule_banner":false,"block_start_datetime":"2025-01-15 00:00:00","block_end_datetime":"2025-01-31 23:59:59","image_slide":"shopify:\/\/shop_images\/ClearanceBanner_Web_012025.png","image_slide_mb":"shopify:\/\/shop_images\/ClearanceBanner_Web_012025.png","alignment":"center","enable_custom_position":false,"custom_horizontal":"","custom_vertical":"","enable_position_outside_image":false,"text_alignment":"center","enable_border_line":false,"padding_vertical":30,"content_width":475,"bg_color_content":"","border_color_content":"","profile_name":"","profile_name_color":"","profile_name_fs":20,"profile_name_fs_mb":20,"profile_name_fw":"normal","profile_title":"","profile_title_color":"","profile_title_fs":20,"profile_title_fs_mb":20,"profile_title_fw":"normal","profile_spacing_bottom":50,"sub_heading":"","letter_spacing_sub_title":"","font_size_sub_heading":30,"sub_heading_spacing_bottom":20,"font_weight_sub_heading":"400","border_sub_heading":"none","sub_title_position":"sub_title_above","color_sub_heading":"#ffffff","heading":"","letter_spacing_heading":"","enable_border_heading":false,"font_style_heading":"normal","font_size_heading":40,"line_height_heading":40,"heading_spacing_bottom":8,"color_heading":"#232323","slide-des":"","font_size_des":12,"des_spacing_bottom":35,"color_des":"#232323","sub_heading_mb":"","font_size_sub_heading_mb":20,"sub_heading_spacing_bottom_mb":20,"font_weight_sub_heading_mb":"400","border_sub_heading_mb":"none","color_sub_heading_mb":"#ffffff","heading_mb":"","font_style_heading_mb":"normal","font_size_heading_mb":24,"line_height_heading_mb":24,"heading_spacing_bottom_mb":8,"color_heading_mb":"#ffffff","slide-des-mb":"","font_size_des_mb":12,"des_spacing_bottom_mb":35,"color_des_mb":"#ffffff","enable_icon_button":false,"enable_button_link":false,"enable_underline":true,"font_size_link":36,"button_slide":"","link":"https:\/\/www.kiesmotorsports.com\/collections\/clearance","button_style":"button_1","button_slide_2":"","link_2":"https:\/\/www.kiesmotorsports.com\/collections\/clearance","min_width_banner_button":270,"color_button":"#ffffff","border_button":"#232323","bg_button":"#232323","bg_button_gradient":"","color_button_hover":"#ffffff","border_button_hover":"#232323","bg_button_hover":"#232323","bg_button_gradient_hover":"","lb_product_1":"","horizontal_pos_1":0,"vertical_pos_1":0,"lookbook_pos_1":"right","lb_product_2":"","horizontal_pos_2":0,"vertical_pos_2":0,"lookbook_pos_2":"right","lb_product_3":"","horizontal_pos_3":0,"vertical_pos_3":0,"lookbook_pos_3":"right"}},"image_Ucz3Gj":{"type":"image","settings":{"block_schedule_banner":false,"block_start_datetime":"","block_end_datetime":"","image_slide":"shopify:\/\/shop_images\/ValveController_BannerWeb.png","image_slide_mb":"shopify:\/\/shop_images\/ValveController_BannerWeb.png","alignment":"left","enable_custom_position":false,"custom_horizontal":"","custom_vertical":"","enable_position_outside_image":false,"text_alignment":"center","enable_border_line":false,"padding_vertical":30,"content_width":475,"bg_color_content":"","border_color_content":"","profile_name":"","profile_name_color":"","profile_name_fs":20,"profile_name_fs_mb":20,"profile_name_fw":"normal","profile_title":"","profile_title_color":"","profile_title_fs":20,"profile_title_fs_mb":20,"profile_title_fw":"normal","profile_spacing_bottom":50,"sub_heading":"","letter_spacing_sub_title":"","font_size_sub_heading":30,"sub_heading_spacing_bottom":20,"font_weight_sub_heading":"400","border_sub_heading":"none","sub_title_position":"sub_title_above","color_sub_heading":"#ffffff","heading":"","letter_spacing_heading":"","enable_border_heading":false,"font_style_heading":"normal","font_size_heading":40,"line_height_heading":40,"heading_spacing_bottom":8,"color_heading":"#232323","slide-des":"","font_size_des":12,"des_spacing_bottom":35,"color_des":"#232323","sub_heading_mb":"","font_size_sub_heading_mb":20,"sub_heading_spacing_bottom_mb":20,"font_weight_sub_heading_mb":"400","border_sub_heading_mb":"none","color_sub_heading_mb":"#ffffff","heading_mb":"","font_style_heading_mb":"normal","font_size_heading_mb":24,"line_height_heading_mb":24,"heading_spacing_bottom_mb":8,"color_heading_mb":"#ffffff","slide-des-mb":"","font_size_des_mb":12,"des_spacing_bottom_mb":35,"color_des_mb":"#ffffff","enable_icon_button":false,"enable_button_link":false,"enable_underline":true,"font_size_link":36,"button_slide":"","link":"https:\/\/www.kiesmotorsports.com\/search?q=Kies+Valve+Controller&type=product&options%5Bprefix%5D=last&filter.p.vendor=Kies+Motorsports&filter.v.price.gte=&filter.v.price.lte=","button_style":"button_1","button_slide_2":"","link_2":"https:\/\/www.kiesmotorsports.com\/search?q=Kies+Valve+Controller&type=product&options%5Bprefix%5D=last&filter.p.vendor=Kies+Motorsports&filter.v.price.gte=&filter.v.price.lte=","min_width_banner_button":270,"color_button":"#ffffff","border_button":"#232323","bg_button":"#232323","bg_button_gradient":"","color_button_hover":"#ffffff","border_button_hover":"#232323","bg_button_hover":"#232323","bg_button_gradient_hover":"","lb_product_1":"","horizontal_pos_1":0,"vertical_pos_1":0,"lookbook_pos_1":"right","lb_product_2":"","horizontal_pos_2":0,"vertical_pos_2":0,"lookbook_pos_2":"right","lb_product_3":"","horizontal_pos_3":0,"vertical_pos_3":0,"lookbook_pos_3":"right"}},"image_b7grnx":{"type":"image","settings":{"block_schedule_banner":false,"block_start_datetime":"","block_end_datetime":"","image_slide":"shopify:\/\/shop_images\/Mophiebanner.png","image_slide_mb":"shopify:\/\/shop_images\/Mophiebanner.png","alignment":"left","enable_custom_position":false,"custom_horizontal":"","custom_vertical":"","enable_position_outside_image":false,"text_alignment":"center","enable_border_line":false,"padding_vertical":30,"content_width":475,"bg_color_content":"","border_color_content":"","profile_name":"","profile_name_color":"","profile_name_fs":20,"profile_name_fs_mb":20,"profile_name_fw":"normal","profile_title":"","profile_title_color":"","profile_title_fs":20,"profile_title_fs_mb":20,"profile_title_fw":"normal","profile_spacing_bottom":50,"sub_heading":"","letter_spacing_sub_title":"","font_size_sub_heading":30,"sub_heading_spacing_bottom":20,"font_weight_sub_heading":"400","border_sub_heading":"none","sub_title_position":"sub_title_above","color_sub_heading":"#ffffff","heading":"","letter_spacing_heading":"","enable_border_heading":false,"font_style_heading":"normal","font_size_heading":40,"line_height_heading":40,"heading_spacing_bottom":8,"color_heading":"#232323","slide-des":"","font_size_des":12,"des_spacing_bottom":35,"color_des":"#232323","sub_heading_mb":"","font_size_sub_heading_mb":20,"sub_heading_spacing_bottom_mb":20,"font_weight_sub_heading_mb":"400","border_sub_heading_mb":"none","color_sub_heading_mb":"#ffffff","heading_mb":"","font_style_heading_mb":"normal","font_size_heading_mb":24,"line_height_heading_mb":24,"heading_spacing_bottom_mb":8,"color_heading_mb":"#ffffff","slide-des-mb":"","font_size_des_mb":12,"des_spacing_bottom_mb":35,"color_des_mb":"#ffffff","enable_icon_button":false,"enable_button_link":false,"enable_underline":true,"font_size_link":36,"button_slide":"","link":"shopify:\/\/products\/powerstation-go-rugged-ac","button_style":"button_1","button_slide_2":"","link_2":"shopify:\/\/products\/powerstation-go-rugged-ac","min_width_banner_button":270,"color_button":"#ffffff","border_button":"#232323","bg_button":"#232323","bg_button_gradient":"","color_button_hover":"#ffffff","border_button_hover":"#232323","bg_button_hover":"#232323","bg_button_gradient_hover":"","lb_product_1":"","horizontal_pos_1":0,"vertical_pos_1":0,"lookbook_pos_1":"right","lb_product_2":"","horizontal_pos_2":0,"vertical_pos_2":0,"lookbook_pos_2":"right","lb_product_3":"","horizontal_pos_3":0,"vertical_pos_3":0,"lookbook_pos_3":"right"}}},"block_order":["image_QLVKg3","image_Pz8g4P","image_Ucz3Gj","image_b7grnx"],"settings":{"slide_number":0,"place_on_top":true,"start_date":"","start_time":"","end_date":"","end_time":"","container":"fullwidth","padding_full_width":0,"mg_top_desktop":0,"mg_top_tablet":0,"mg_top_mobile":0,"mg_bottom_desktop":0,"mg_bottom_tablet":0,"mg_bottom_mobile":0,"slideshow_background":"#202b3d","slideshow_background_gradient":"linear-gradient(180deg, rgba(30, 36, 47, 1) 39%, rgba(255, 255, 255, 1) 93%)","autoplay":true,"slideshow_speed":"5000","slideshow_transition":"true","dots":"shape","dots_color":"rgba(0,0,0,0)","dots_border_color":"rgba(0,0,0,0)","dots_active_color":"rgba(0,0,0,0)","dots_active_border_color":"rgba(0,0,0,0)","dots_direction":"bottom","dots_shape":"disc","position_slick_dots":"34px","dots_opacity":false,"arrow_active":true,"enable_custom_arrow":true,"arrow_width":35,"arrow_height":35,"arrow_size_icon":17,"arrow_color":"#666d6d","arrow_border_color":"#666d6d","arrow_bg_color":"rgba(0,0,0,0)","arrow_color_hover":"","arrow_border_color_hover":"","arrow_bg_color_hover":"","position_slick_arrow":"10%","position_vertical_slick_arrow":"50%","image_behavior":"none","video_height":"41.7%","video_height_m":"56%","auto_playvideo":true,"enable_categories":false,"text_categories":"Shop by categories","title_color":"#ffffff","bg_title":"#fd6506","text_icon_color":"#202020","menu_category":"","enable_banner":false,"lookbook_style":"1","enable_lookbook_width":false,"lookbook_width":250,"dot_desktop_size":24,"dot_mobile_size":16,"dot_shadow_color":"#ffffff","dot_outer_color":"#ffffff","show_dot_number":false,"show_dot_number_mobile":false,"show_plus_icon":false,"dot_inner_color":"#000000","number_desktop_size":24,"number_mobile_size":16,"lookbook_truncate":"1"}},"spotlight_block_DEHMHe":{"type":"spotlight-block","blocks":{"image_PWJNPU":{"type":"image","settings":{"enable_image":true,"image":"shopify:\/\/shop_images\/Rev2Kies.jpg","title_align":"center","enable_absolute":false,"align_items":"center","align_items_spacing_top_bottom_position":0,"align_items_spacing_top_bottom_position_mb":0,"bg_color_content":"","align_items_spacing_top":10,"align_items_spacing_bottom":10,"align_items_spacing_lr":10,"sub_title":"","border_sub_title":false,"color_sub_title":"#232323","fontsize_sub_title":20,"font_weight_sub_title":"500","mg_bottom_sub_title":10,"title":"","color_title":"#232323","fontsize_title":20,"fontsize_title_mb":20,"font_weight_title":"500","enable_style_italic":false,"border_title":"border_hover","border_color_title":"","des":"","color_des":"#3c3c3c","fontsize_des":12,"mg_top_des":8,"enable_des_hover":false,"button_style":"button_1","button":"","link":"shopify:\/\/products\/bootmod3rev2","fontsize_btn":16,"button_width":190,"color_button":"#ffffff","border_color_button":"#232323","bg_color_button":"#232323","bg_color_button_gradient":"","color_button_hover":"#ffffff","border_color_button_hover":"#232323","bg_color_button_hover":"#232323","bg_color_button_gradient_hover":"","bg_opacity_button":1,"enable_button_custom_border":false,"btn_text_transform":"uppercase","btn_icon":"","mg_top_btn":30}},"image_GxmLFP":{"type":"image","settings":{"enable_image":true,"image":"shopify:\/\/shop_images\/Cancheckd.jpg","title_align":"center","enable_absolute":false,"align_items":"center","align_items_spacing_top_bottom_position":0,"align_items_spacing_top_bottom_position_mb":0,"bg_color_content":"","align_items_spacing_top":10,"align_items_spacing_bottom":10,"align_items_spacing_lr":10,"sub_title":"","border_sub_title":false,"color_sub_title":"#232323","fontsize_sub_title":20,"font_weight_sub_title":"500","mg_bottom_sub_title":10,"title":"","color_title":"#232323","fontsize_title":20,"fontsize_title_mb":20,"font_weight_title":"500","enable_style_italic":false,"border_title":"border_hover","border_color_title":"","des":"","color_des":"#3c3c3c","fontsize_des":12,"mg_top_des":8,"enable_des_hover":false,"button_style":"button_1","button":"","link":"shopify:\/\/collections\/canchecked","fontsize_btn":16,"button_width":190,"color_button":"#ffffff","border_color_button":"#232323","bg_color_button":"#232323","bg_color_button_gradient":"","color_button_hover":"#ffffff","border_color_button_hover":"#232323","bg_color_button_hover":"#232323","bg_color_button_gradient_hover":"","bg_opacity_button":1,"enable_button_custom_border":false,"btn_text_transform":"uppercase","btn_icon":"","mg_top_btn":30}}},"block_order":["image_PWJNPU","image_GxmLFP"],"settings":{"container":"fullwidth","padding_full_width":0,"disable_padding_content":false,"mg_minus_desktop":0,"block_layout":"grid","spotlight_block_swipe_on_mobile":"scroll","column":"2","column_mb":"1","enable_arrows":true,"enable_arrows_mb":true,"position_horizontal_slick_arrow":"0","enable_dots":false,"enable_dots_mb":true,"display_border_bottom":false,"border_color":"#e3e3e3","spotlight_bg":"#ffffff","spotlight_bg_gradient":"","spotlight_block_title":"","enable_border_title":false,"enable_custom_position_title":false,"color_title":"#232323","color_title_mb":"","fontsize_title":16,"fontsize_title_mb":22,"margin_bottom_title":45,"spotlight_block_des":"","color_des":"#3c3c3c","margin_bottom_des":30,"fontsize_des":16,"title_align":"center","item_distance":5,"item_radius":0,"view_all_style":"style_1","view_all":"","view_all_fs":12,"view_all_align":"center","font_weight_view_all":"400","mg_bottom_view":0,"enable_border_view_all":true,"link_view_all":"","color_view_all":"#3c3c3c","display_spotlight_button":false,"spotlight_button_text":"","spotlight_button_link":"","color_button":"#ffffff","border_color_button":"#232323","bg_color_button":"#232323","bg_color_gradient_button":"","color_button_hover":"#232323","border_color_button_hover":"#ffffff","bg_color_button_hover":"#ffffff","bg_color_gradient_button_hover":"","maxwidth_button":230,"mg_top_button":30,"enable_shadow":false,"shadow_horizontal_length":0,"shadow_vertical_length":0,"shadow_blur_radius":0,"shadow_spread":0,"shadow_color":"transparent","shadow_inset":"no","enable_plus_icon":false,"color_plus_icon":"#ffffff","enable_content_border":false,"content_border_color":"#e2e2e2","mg_top_desktop":10,"mg_top_tablet":10,"mg_top_mobile":10,"mg_bottom_desktop":0,"mg_bottom_tablet":0,"mg_bottom_mobile":0}},"4f4b4888-aca5-4a4f-985b-73188b24b122":{"type":"product-tab-block","blocks":{"3310f033-43c5-422d-b874-c3d13cc9ea47":{"type":"ProductTabs","settings":{"title":"POPULAR","collection":"popular-products"}},"412c5e89-a920-448b-b99a-70109ce20509":{"type":"ProductTabs","settings":{"title":"PERFORMANCE","collection":"performance-mods"}},"98c28630-5c9c-41ec-af09-9c50c8108fcf":{"type":"ProductTabs","settings":{"title":"ELECTRONICS","collection":"electronics"}},"2f3958cb-9d3d-4e70-b811-4a2c87c5c7b0":{"type":"ProductTabs","settings":{"title":"AESTHETICS","collection":"aesthetics-1"}},"product_tabs_3FRiEY":{"type":"ProductTabs","settings":{"title":"MERCH","collection":"kies-merch"}}},"block_order":["3310f033-43c5-422d-b874-c3d13cc9ea47","412c5e89-a920-448b-b99a-70109ce20509","98c28630-5c9c-41ec-af09-9c50c8108fcf","2f3958cb-9d3d-4e70-b811-4a2c87c5c7b0","product_tabs_3FRiEY"],"settings":{"container":"1170","padding_full_width":0,"product_bg":"#ffffff","product_bg_gradient":"","product_block_layout":"slider","product_block_title":"","fontsize_title":14,"fontsize_title_mb":14,"mg_bottom_title":0,"enable_border_title":false,"border_color_title":"#000000","enable_border_title2":false,"border_color_title2":"#000000","color_title":"#000000","title_align":"center","product_block_limit":16,"view_all_style":"style_1","view_all":"","font_weight_view_all":"400","mg_bottom_view":30,"link_view_all":"","color_view_all":"#3c3c3c","image_behavior":"none","product_block_per_row":"5","product_block_infinite_scroll":false,"min_width_button":"","product_block_dots":false,"product_block_dots_mb":false,"product_block_arrows":true,"product_block_arrows_mb":false,"product_block_arrows_custom_position":false,"product_block_progress_bar":false,"enable_infinite":true,"product_block_show":"3","product_block_per_view":"5","show_half":false,"scroll_height":5,"scroll_track_bg":"#f1f1f1","scroll_thumb_color":"#000000","scroll_thumb_hover_color":"#444444","enable_hover_drag_icon":true,"position":"left","width_banner":0,"tab_title_style":"style_1","mg_bottom_title_tab":20,"type_tab_font":"font_1","separation":false,"style_separation":"style2","color_separation":"#d7d7d7","enable_scroll_title":false,"fontsize_tab":15,"fontsize_tab_mb":10,"font_weight_tab":"700","font_weight_active_tab":"700","spacing_between_title":4,"line_height_tab":26,"line_height_tab_mobile":20,"border_tab_radius":3,"min_width_tab":5,"border_width_tab":2,"tab_align":"center","color_tab":"#202b3d","border_color_tab":"","bg_color_tab":"#ffffff","bg_color_gradient_tab":"","color_tab_active":"#087186","bg_color_tab_active":"#f4f4f4","bg_color_gradient_tab_active":"","mg_top_desktop":20,"mg_top_tablet":10,"mg_top_mobile":5,"mg_bottom_desktop":20,"mg_bottom_tablet":20,"mg_bottom_mobile":20}},"cfe31ce6-7c41-4dbe-a34f-5c938db438f4":{"type":"brand-slider","blocks":{"8e11ba4c-6c6d-467c-bb6d-ba2158601c7c":{"type":"image","settings":{"image":"shopify:\/\/shop_images\/3_45081a81-283a-4c97-a9e9-c69be3051ec3.png","title":"","color_text":"#000000","color_text_hover":"#3e8cc4","description":"","color_des":"#3c3c3c","link":"shopify:\/\/collections\/mst"}},"568f84f5-149d-438a-b754-5d64aa960bf6":{"type":"image","settings":{"image":"shopify:\/\/shop_images\/4_5db28214-b87c-41b4-ba2f-6ba39c708bf1.png","title":"","color_text":"#000000","color_text_hover":"#3e8cc4","description":"","color_des":"#3c3c3c","link":"shopify:\/\/collections\/dahler"}},"71e4c7cf-c269-482c-8459-63d282918619":{"type":"image","disabled":true,"settings":{"image":"shopify:\/\/shop_images\/5_cec15a9a-fe24-4d4e-a1f1-b6888d1c61ea.png","title":"","color_text":"#000000","color_text_hover":"#3e8cc4","description":"","color_des":"#3c3c3c","link":""}},"824c816b-0c33-4a1e-9042-13131e624602":{"type":"image","disabled":true,"settings":{"image":"shopify:\/\/shop_images\/canchecked_logo_schwarz.png","title":"","color_text":"#000000","color_text_hover":"#3e8cc4","description":"","color_des":"#3c3c3c","link":""}},"56d95362-8229-4dc1-a8fe-5cfebd0ff146":{"type":"image","settings":{"image":"shopify:\/\/shop_images\/cando_Black_cde18223-0ad1-44f2-85e8-0f526185a23b.png","title":"","color_text":"#000000","color_text_hover":"#3e8cc4","description":"","color_des":"#3c3c3c","link":""}},"f61fa4a1-15d8-4a34-95a6-a8b6eca09a9d":{"type":"image","settings":{"image":"shopify:\/\/shop_images\/6_39289f8e-34d0-4317-9494-af59e65627e9.png","title":"","color_text":"#000000","color_text_hover":"#3e8cc4","description":"","color_des":"#3c3c3c","link":""}},"95e6225a-5648-479c-b72b-ef91f714229f":{"type":"image","disabled":true,"settings":{"image":"shopify:\/\/shop_images\/1_a5dd09ed-5826-47d0-b9b8-0687cd10d741.png","title":"","color_text":"#000000","color_text_hover":"#3e8cc4","description":"","color_des":"#3c3c3c","link":""}},"e32bac69-65f3-428a-a528-4ea869b380cc":{"type":"image","settings":{"image":"shopify:\/\/shop_images\/2_c9dce5df-4675-4475-bfc6-5b1e5df4b3f2.png","title":"","color_text":"#000000","color_text_hover":"#3e8cc4","description":"","color_des":"#3c3c3c","link":""}}},"block_order":["8e11ba4c-6c6d-467c-bb6d-ba2158601c7c","568f84f5-149d-438a-b754-5d64aa960bf6","71e4c7cf-c269-482c-8459-63d282918619","824c816b-0c33-4a1e-9042-13131e624602","56d95362-8229-4dc1-a8fe-5cfebd0ff146","f61fa4a1-15d8-4a34-95a6-a8b6eca09a9d","95e6225a-5648-479c-b72b-ef91f714229f","e32bac69-65f3-428a-a528-4ea869b380cc"],"settings":{"container":"fullwidth","padding_full_width":50,"brands_block_style":"style_1","brand_layout":"slider","scroll_from":"ltr","brand_scroll_time":"20","display_brand_border":false,"brand_bg":"#e8e8e8","brand_bg_gradient":"","title_align":"center","brand_title":"","color_title":"#000000","fontsize_title":16,"fontsize_title_mb":16,"mg_bottom_title":0,"enable_background_title":false,"enable_border_title":false,"border_color_title":"#000000","brand_des":"","color_des":"#3c3c3c","fontsize_des":12,"mg_bottom_des":0,"view_all":"","view_all_fs":14,"font_weight_view_all":"400","mg_bottom_view":25,"enable_border_view_all":true,"link_view_all":"https:\/\/www.kiesmotorsports.com\/#gbaid511216","color_view_all":"#000000","icon_view_all":"","color_view_all_icon":"#eb492f","view_all_icon_side":"left","btn_text":"View All","fontsize_btn":12,"btn_spacing_top":2,"btn_color":"#828282","btn_link":"shopify:\/\/pages\/brands-1","enable_autoplay":false,"brand_speed":"3000","brand_rows":"8","enable_arrows":false,"enable_dots":false,"enable_center_mode":false,"style_position_arrows":"none","position_horizontal_arrow":15,"color_arrow":"","arrow_background":"","arrow_background_gradient":"","arrow_border":"","color_arrow_hover":"","arrow_background_hover":"","arrow_background_gradient_hover":"","arrow_border_hover":"","brand_rows_mb":"3","slider_spacing_mobile":10,"brand_image_ratio":"adapt","item_distance":30,"margin_bottom_image":0,"brand_item_border":"none","border_radius":0,"border_color":"#e2e5e7","border_color_hover":"#2d2d2d","hover_effect":"zoom","color_underline_image_hover":"#000000","fontsize_text":16,"fontsize_text_mb":16,"font_weight_title":"400","margin_bottom_title":0,"mg_top_desktop":30,"mg_top_tablet":15,"mg_top_mobile":15,"mg_bottom_desktop":20,"mg_bottom_tablet":15,"mg_bottom_mobile":25,"gap_desktop":0,"gap_tablet":8,"gap_mobile":5}}},"order":["product_bundler_zKyeRA","year_make_model_8inNJG","vehicle_filter_VEE7QF","16321237356a896dad","custom_liquid_hp3qft","dropdown_ymm_anyL3E","two_image_cards_Uekgkk","two_column_slider_9Cp4xR","custom_appointment_form_NpfEnV","1759945665db40a936","1632304586ad9b5b3b","slide_show_banner_tEWVpg","spotlight_block_DEHMHe","4f4b4888-aca5-4a4f-985b-73188b24b122","cfe31ce6-7c41-4dbe-a34f-5c938db438f4"]}