{"sections":{"custom_image_banner_GmP3nK":{"type":"custom-image-banner","blocks":{"small_img_4gbDiB":{"type":"smallImg","disabled":true,"settings":{"item_width":"50%","item_grid_gap":15,"item_border_radirus":0,"title_align":"left","align_items":"bottom","align_items_spacing":15,"align_items_spacing_lr":30,"border_sub_title":false,"fontsize_sub_title":18,"mg_bottom_sub_title":10,"fontsize_title":24,"fontsize_title_mb":20,"mg_bottom_title":5,"mg_bottom_title_mb":5,"enable_style_italic":false,"fontsize_des":16,"mg_bottom_des":0,"mg_bottom_des_mb":20,"fontsize_btn":16,"button_width":190,"bg_opacity_button":1,"btn_text_transform":"uppercase","image_behavior":"none","enable_item_1":true,"item_width_1":"50%","item_spacing_1":50,"sub_title_1":"","color_sub_title_1":"#ffffff","title_1":"Lorem","color_title_1":"#ffffff","des_1":"Nullam aliquet","color_des_1":"#ffffff","button_1":"","link_1":"","color_button_1":"#ffffff","border_color_button_1":"#232323","bg_color_button_1":"#232323","bg_gradient_color_button_1":"","color_button_hover_1":"#ffffff","border_color_button_hover_1":"#232323","bg_color_button_hover_1":"#232323","bg_gradient_color_button_hover_1":"","btn_icon_1":"","enable_item_2":true,"item_width_2":"50%","item_spacing_2":50,"sub_title_2":"","color_sub_title_2":"#ffffff","title_2":"Lorem","color_title_2":"#ffffff","des_2":"Nullam aliquet","color_des_2":"#ffffff","button_2":"","link_2":"","color_button_2":"#ffffff","border_color_button_2":"#232323","bg_color_button_2":"#232323","bg_gradient_color_button_2":"","color_button_hover_2":"#ffffff","border_color_button_hover_2":"#232323","bg_color_button_hover_2":"#232323","bg_gradient_color_button_hover_2":"","btn_icon_2":"","enable_item_3":true,"item_width_3":"50%","item_spacing_3":0,"sub_title_3":"","color_sub_title_3":"#ffffff","title_3":"Lorem","color_title_3":"#ffffff","des_3":"Nullam aliquet","color_des_3":"#ffffff","button_3":"","link_3":"","color_button_3":"#ffffff","border_color_button_3":"#232323","bg_color_button_3":"#232323","bg_gradient_color_button_3":"","color_button_hover_3":"#ffffff","border_color_button_hover_3":"#232323","bg_color_button_hover_3":"#232323","bg_gradient_color_button_hover_3":"","btn_icon_3":"","enable_item_4":true,"item_width_4":"50%","item_spacing_4":0,"sub_title_4":"","color_sub_title_4":"#ffffff","title_4":"Lorem","color_title_4":"#ffffff","des_4":"Nullam aliquet","color_des_4":"#ffffff","button_4":"","link_4":"","color_button_4":"#ffffff","border_color_button_4":"#232323","bg_color_button_4":"#232323","bg_gradient_color_button_4":"","color_button_hover_4":"#ffffff","border_color_button_hover_4":"#232323","bg_color_button_hover_4":"#232323","bg_gradient_color_button_hover_4":"","btn_icon_4":""}},"large_img_Ug3dUE":{"type":"largeImg","disabled":true,"settings":{"item_width":"50%","item_border_radirus":0,"item_spacing":0,"title_align":"left","align_items":"bottom","align_items_spacing":30,"align_items_spacing_lr":45,"sub_title":"","border_sub_title":false,"color_sub_title":"#ffffff","fontsize_sub_title":18,"mg_bottom_sub_title":10,"title":"Lorem De Dorus","color_title":"#ffffff","fontsize_title":24,"fontsize_title_mb":20,"mg_bottom_title":10,"mg_bottom_title_mb":5,"enable_style_italic":false,"des":"Nullam aliquet vestibulum augue non varius.","color_des":"#ffffff","fontsize_des":16,"mg_bottom_des":20,"mg_bottom_des_mb":20,"button":"Shop Now","link":"","fontsize_btn":16,"button_width":190,"color_button":"#ffffff","border_color_button":"#232323","bg_color_button":"#232323","bg_gradient_color_button":"","color_button_hover":"#ffffff","border_color_button_hover":"#232323","bg_color_button_hover":"#232323","bg_gradient_color_button_hover":"","bg_opacity_button":1,"btn_text_transform":"uppercase","btn_icon":"","image_behavior":"none"}},"large_img_QkgeVF":{"type":"largeImg","disabled":true,"settings":{"item_width":"100%","item_border_radirus":0,"item_spacing":0,"image":"shopify:\/\/shop_images\/MOBILE-SALE-BANNER.jpg","title_align":"left","align_items":"bottom","align_items_spacing":0,"align_items_spacing_lr":45,"sub_title":"","border_sub_title":false,"color_sub_title":"#ffffff","fontsize_sub_title":18,"mg_bottom_sub_title":10,"title":"","color_title":"#ffffff","fontsize_title":24,"fontsize_title_mb":20,"mg_bottom_title":10,"mg_bottom_title_mb":5,"enable_style_italic":false,"des":"","color_des":"#ffffff","fontsize_des":16,"mg_bottom_des":20,"mg_bottom_des_mb":20,"button":"","link":"","fontsize_btn":16,"button_width":190,"color_button":"#ffffff","border_color_button":"#232323","bg_color_button":"#232323","bg_gradient_color_button":"","color_button_hover":"#ffffff","border_color_button_hover":"#232323","bg_color_button_hover":"#232323","bg_gradient_color_button_hover":"","bg_opacity_button":1,"btn_text_transform":"uppercase","btn_icon":"","image_behavior":"none"}}},"block_order":["small_img_4gbDiB","large_img_Ug3dUE","large_img_QkgeVF"],"settings":{"container":"container","padding_full_width":0,"custom_image_banner_block_swipe_on_mobile":"list","item_distance":15,"custom_image_banner_bg":"#ffffff","custom_image_banner_bg_gradient":"","title_align":"center","custom_image_banner_title":"","enable_border_title":false,"color_title":"#232323","fontsize_title":16,"fontsize_title_mb":16,"margin_bottom_title":45,"custom_image_banner_des":"","color_des":"#3c3c3c","fontsize_des":16,"mg_top_desktop":50,"mg_top_tablet":30,"mg_top_mobile":15,"mg_bottom_desktop":50,"mg_bottom_tablet":20,"mg_bottom_mobile":5}},"countdown_hHhnYr":{"type":"countdown","disabled":true,"settings":{"heading":"Sale Ends:","start_datetime":"2024-11-22 00:00:00","end_datetime":"2024-12-02 23:59:59","background_color":"#ffffff","heading_color":"#000000","countdown_color":"#000000","heading_font_size":24,"countdown_font_size":32,"countdown_font_size_mobile":18,"spacing_top":0,"spacing_bottom":20}},"sale_collections_K4QBek":{"type":"sale-collections","blocks":{"collection_block_c8hCWM":{"type":"collection_block","settings":{"selected_collection":"open-box","block_image":"shopify:\/\/shop_images\/1-KIES-OPEN-BOX.jpg","collection_desc":"","show_timer":false,"do_not_schedule":true}},"collection_block_V6PJLE":{"type":"collection_block","settings":{"selected_collection":"femto-unlock","block_image":"shopify:\/\/shop_images\/63-FEMTO.jpg","collection_desc":"","show_timer":false,"do_not_schedule":true}},"collection_block_AX43hW":{"type":"collection_block","settings":{"selected_collection":"bootmod3-sale","block_image":"shopify:\/\/shop_images\/51-BOOTMOD3.jpg","collection_desc":"","show_timer":false,"do_not_schedule":true}},"collection_block_yihKnp":{"type":"collection_block","settings":{"selected_collection":"mst","block_image":"shopify:\/\/shop_images\/3-MST.jpg","collection_desc":"","show_timer":false,"do_not_schedule":true}},"collection_block_8YmTtP":{"type":"collection_block","settings":{"selected_collection":"dahler-discount","block_image":"shopify:\/\/shop_images\/2-ELECTRONICS.jpg","collection_desc":"","show_timer":false,"do_not_schedule":false}},"collection_block_AADiGe":{"type":"collection_block","settings":{"selected_collection":"all-kies-products","block_image":"shopify:\/\/shop_images\/5-KIES-MOTORSPORTS.jpg","collection_desc":"","show_timer":false,"do_not_schedule":false}},"collection_block_7mzct6":{"type":"collection_block","settings":{"selected_collection":"awe","block_image":"shopify:\/\/shop_images\/50-AWE.jpg","collection_desc":"","show_timer":false,"do_not_schedule":false}},"collection_block_chgaT3":{"type":"collection_block","settings":{"selected_collection":"mosselman","block_image":"shopify:\/\/shop_images\/11-MOSSELMAN.jpg","collection_desc":"","show_timer":false,"do_not_schedule":false}},"collection_block_TJfBBR":{"type":"collection_block","settings":{"selected_collection":"bilstein-1","block_image":"shopify:\/\/shop_images\/16-BILSTEIN.jpg","collection_desc":"","show_timer":false,"do_not_schedule":true}},"collection_block_NUCqzy":{"type":"collection_block","settings":{"selected_collection":"agt-shock","block_image":"shopify:\/\/shop_images\/62-AGT.jpg","collection_desc":"","show_timer":false,"do_not_schedule":true}},"collection_block_x7kXHT":{"type":"collection_block","settings":{"selected_collection":"kies-carbon","block_image":"shopify:\/\/shop_images\/7-KIES-CARBON.jpg","collection_desc":"","show_timer":false,"do_not_schedule":true}},"collection_block_9KJNBB":{"type":"collection_block","settings":{"selected_collection":"tlg-mud-flaps","block_image":"shopify:\/\/shop_images\/4-TLG-GUARDS.jpg","collection_desc":"","show_timer":false,"do_not_schedule":true}},"collection_block_XCqYDd":{"type":"collection_block","settings":{"selected_collection":"bimmer-ecu-solutions","block_image":"shopify:\/\/shop_images\/52-BIMMERECUSOL.jpg","collection_desc":"","show_timer":false,"do_not_schedule":true}},"collection_block_3bALjA":{"type":"collection_block","settings":{"selected_collection":"evolution-racewerks","block_image":"shopify:\/\/shop_images\/6-EVOLUTION-RACEWERKS_d893ae83-8dd3-4a7a-b47d-27f042d9cc07.jpg","collection_desc":"","show_timer":false,"do_not_schedule":true}},"collection_block_zLTrPT":{"type":"collection_block","settings":{"selected_collection":"kies-electronics","block_image":"shopify:\/\/shop_images\/9-KIES-ELECTRONICS.jpg","collection_desc":"","show_timer":false,"do_not_schedule":true}},"collection_block_at6xLw":{"type":"collection_block","settings":{"selected_collection":"ebc","block_image":"shopify:\/\/shop_images\/17-EBC.jpg","collection_desc":"","show_timer":false,"do_not_schedule":false}},"collection_block_hFk7Vn":{"type":"collection_block","settings":{"selected_collection":"precision-raceworks","block_image":"shopify:\/\/shop_images\/8-PRECISION-RACEWORKS.jpg","collection_desc":"","show_timer":false,"do_not_schedule":false}},"collection_block_F8bWh9":{"type":"collection_block","settings":{"selected_collection":"turbosmart","block_image":"shopify:\/\/shop_images\/37-TURBOSMART.jpg","collection_desc":"","show_timer":false,"do_not_schedule":true}},"collection_block_wEKxBb":{"type":"collection_block","settings":{"selected_collection":"p3","block_image":"shopify:\/\/shop_images\/12-P3-GAUGES.jpg","collection_desc":"","show_timer":false,"do_not_schedule":true}},"collection_block_XzKi4w":{"type":"collection_block","settings":{"selected_collection":"kc-design","block_image":"shopify:\/\/shop_images\/31-KC-DESIGN.jpg","collection_desc":"","show_timer":false,"do_not_schedule":true}},"collection_block_CHL9GK":{"type":"collection_block","settings":{"selected_collection":"cando","block_image":"shopify:\/\/shop_images\/18-CANDO.jpg","collection_desc":"","show_timer":false,"do_not_schedule":true}},"collection_block_P3j8re":{"type":"collection_block","settings":{"selected_collection":"clutch-masters","block_image":"shopify:\/\/shop_images\/13-CLUTCH-MASTERS.jpg","collection_desc":"","show_timer":false,"do_not_schedule":true}},"collection_block_RYtUpB":{"type":"collection_block","settings":{"selected_collection":"ams","block_image":"shopify:\/\/shop_images\/14_AMS.png","collection_desc":"","show_timer":false,"do_not_schedule":true}},"collection_block_fYVVyf":{"type":"collection_block","settings":{"selected_collection":"eibach","block_image":"shopify:\/\/shop_images\/19-EIBACH.jpg","collection_desc":"","show_timer":false,"do_not_schedule":true}},"collection_block_KnYke7":{"type":"collection_block","settings":{"selected_collection":"grams-performance","block_image":"shopify:\/\/shop_images\/20-GRAMS-PERFORMANCE.jpg","collection_desc":"","show_timer":false,"do_not_schedule":true}},"collection_block_UAq3Ma":{"type":"collection_block","settings":{"selected_collection":"go-fast-bits-1","block_image":"shopify:\/\/shop_images\/21-GO-FAST-BITS.jpg","collection_desc":"","show_timer":false,"do_not_schedule":true}},"collection_block_t7iWEc":{"type":"collection_block","settings":{"selected_collection":"akrapovic","block_image":"shopify:\/\/shop_images\/27-AKRAPOVIC.jpg","collection_desc":"","show_timer":false,"do_not_schedule":true}},"collection_block_xipkxX":{"type":"collection_block","settings":{"selected_collection":"yokohama-tires","block_image":"shopify:\/\/shop_images\/41-YOKOHAMA_034060df-ede3-416f-8d97-fd972ce6a150.jpg","collection_desc":"","show_timer":false,"do_not_schedule":true}},"collection_block_V79QR8":{"type":"collection_block","settings":{"selected_collection":"aem","block_image":"shopify:\/\/shop_images\/10-AEM-FIX.jpg","collection_desc":"","show_timer":false,"do_not_schedule":true}},"collection_block_8Jaeyj":{"type":"collection_block","settings":{"selected_collection":"vibrant","block_image":"shopify:\/\/shop_images\/39-VIBRANT-PERFORMANCE_a64489c0-40e3-47f9-bd45-0606c98b0cdd.jpg","collection_desc":"","show_timer":false,"do_not_schedule":true}},"collection_block_Uggxbr":{"type":"collection_block","settings":{"selected_collection":"wildwood","block_image":"shopify:\/\/shop_images\/38-WILWOOD-FIX_5b6dbb2a-668d-4217-bde2-72290b3ad926.jpg","collection_desc":"","show_timer":false,"do_not_schedule":true}},"collection_block_7p8DGV":{"type":"collection_block","settings":{"selected_collection":"csf","block_image":"shopify:\/\/shop_images\/49-CSF_23of.jpg","collection_desc":"","show_timer":false,"do_not_schedule":true}},"collection_block_TBXhBc":{"type":"collection_block","settings":{"selected_collection":"sliplo","block_image":"shopify:\/\/shop_images\/33-SLIPLO_0f847fa9-b1d6-46e6-81e5-4a80adb44626.jpg","collection_desc":"","show_timer":false,"do_not_schedule":true}},"collection_block_nEmmwC":{"type":"collection_block","settings":{"selected_collection":"spec","block_image":"shopify:\/\/shop_images\/36-SPEC-FIX_b93572cc-db44-470d-9bc8-c8cc20be6f69.jpg","collection_desc":"","show_timer":false,"do_not_schedule":true}},"collection_block_FKxGa6":{"type":"collection_block","settings":{"selected_collection":"ohlins-suspension","block_image":"shopify:\/\/shop_images\/29-OHLINS_753247a5-a2b7-4396-9648-f15647344bd2.jpg","collection_desc":"","show_timer":false,"do_not_schedule":true}},"collection_block_6X9QYh":{"type":"collection_block","settings":{"selected_collection":"snow-performance","block_image":"shopify:\/\/shop_images\/34-SNOW-PERFORMANCE-FIX_7a7b9be1-aeda-43d6-aa70-e608aba67b46.jpg","collection_desc":"","show_timer":false,"do_not_schedule":true}},"collection_block_8zh3ar":{"type":"collection_block","disabled":true,"settings":{"selected_collection":"mickey-thompson","block_image":"shopify:\/\/shop_images\/27-MICKEY-THOMPSON_e04bd2db-1279-4183-8fb8-5dcc8550e759.jpg","collection_desc":"","show_timer":false,"do_not_schedule":false}},"collection_block_tfArDX":{"type":"collection_block","settings":{"selected_collection":"mickey-thompson-10-off","block_image":"shopify:\/\/shop_images\/27-MICKEY-THOMPSON10.jpg","collection_desc":"","show_timer":false,"do_not_schedule":true}},"collection_block_NjVbHy":{"type":"collection_block","settings":{"selected_collection":"seibon","block_image":"shopify:\/\/shop_images\/32-SEIBON_536bdd93-d0a1-4aee-b762-19a5c9708fcc.jpg","collection_desc":"","show_timer":false,"do_not_schedule":true}},"collection_block_WLDUPk":{"type":"collection_block","settings":{"selected_collection":"hawk-performance","block_image":"shopify:\/\/shop_images\/25-HAWK-PERFORMANCE_5aa16fff-64c4-4eaf-b9df-a9eb4e0ab3d0.jpg","collection_desc":"","show_timer":false,"do_not_schedule":false}},"collection_block_taTCRR":{"type":"collection_block","settings":{"selected_collection":"radium-engineering","block_image":"shopify:\/\/shop_images\/30-RADIUM-ENGINEERING-FIX_1db45341-aa66-4da2-9cf0-b9fe8e49e85c.jpg","collection_desc":"","show_timer":false,"do_not_schedule":false}},"collection_block_Ync9zC":{"type":"collection_block","settings":{"selected_collection":"variant-wheels","block_image":"shopify:\/\/shop_images\/42-VARIANT.jpg","collection_desc":"","show_timer":false,"do_not_schedule":true}},"collection_block_iUYV9m":{"type":"collection_block","settings":{"selected_collection":"race-ramps","block_image":"shopify:\/\/shop_images\/28-RACE-RAMPS-FIX_8fa1afa6-6d97-40bd-8299-f83a551acf42.jpg","collection_desc":"","show_timer":false,"do_not_schedule":true}},"collection_block_6TBrie":{"type":"collection_block","settings":{"selected_collection":"mishimoto","block_image":"shopify:\/\/shop_images\/26-MISHIMOTO_706d4ce6-f457-41c1-9697-d07bb46a79b4.jpg","collection_desc":"","show_timer":false,"do_not_schedule":true}},"collection_block_bNwfYp":{"type":"collection_block","settings":{"selected_collection":"apex","block_image":"shopify:\/\/shop_images\/44-APEX_76ce4f98-d433-4b27-bee7-8a7b9a65187b.jpg","collection_desc":"","show_timer":false,"do_not_schedule":true}},"collection_block_z89qip":{"type":"collection_block","disabled":true,"settings":{"selected_collection":"koni","block_image":"shopify:\/\/shop_images\/24-KONI_ebf892bb-c5fb-4e4a-853a-64284b08cda7.jpg","collection_desc":"","show_timer":false,"do_not_schedule":false}},"collection_block_fYxipw":{"type":"collection_block","settings":{"selected_collection":"valvetronic-designs","block_image":"shopify:\/\/shop_images\/52-VALVETRONIC.jpg","collection_desc":"","show_timer":false,"do_not_schedule":true}},"collection_block_xHnWRA":{"type":"collection_block","settings":{"selected_collection":"downstar-inc","block_image":"shopify:\/\/shop_images\/45-DOWNSTAR_30fc4c89-f9b0-4d0a-a8a3-b5f94f38aba5.jpg","collection_desc":"","show_timer":false,"do_not_schedule":true}},"collection_block_fw7rFk":{"type":"collection_block","settings":{"selected_collection":"nostrum-high-performance","block_image":"shopify:\/\/shop_images\/46-NOSTRUM.jpg","collection_desc":"","show_timer":false,"do_not_schedule":true}}},"block_order":["collection_block_c8hCWM","collection_block_V6PJLE","collection_block_AX43hW","collection_block_yihKnp","collection_block_8YmTtP","collection_block_AADiGe","collection_block_7mzct6","collection_block_chgaT3","collection_block_TJfBBR","collection_block_NUCqzy","collection_block_x7kXHT","collection_block_9KJNBB","collection_block_XCqYDd","collection_block_3bALjA","collection_block_zLTrPT","collection_block_at6xLw","collection_block_hFk7Vn","collection_block_F8bWh9","collection_block_wEKxBb","collection_block_XzKi4w","collection_block_CHL9GK","collection_block_P3j8re","collection_block_RYtUpB","collection_block_fYVVyf","collection_block_KnYke7","collection_block_UAq3Ma","collection_block_t7iWEc","collection_block_xipkxX","collection_block_V79QR8","collection_block_8Jaeyj","collection_block_Uggxbr","collection_block_7p8DGV","collection_block_TBXhBc","collection_block_nEmmwC","collection_block_FKxGa6","collection_block_6X9QYh","collection_block_8zh3ar","collection_block_tfArDX","collection_block_NjVbHy","collection_block_WLDUPk","collection_block_taTCRR","collection_block_Ync9zC","collection_block_iUYV9m","collection_block_6TBrie","collection_block_bNwfYp","collection_block_z89qip","collection_block_fYxipw","collection_block_xHnWRA","collection_block_fw7rFk"],"settings":{"sale_title":"","heading_alignment":"center","heading_color":"#000000","countdown_color":"#e60000","heading_font_size":24,"countdown_font_size":18}},"sale_collections_Ntk843":{"type":"sale-collections","blocks":{"collection_block_6RxMat":{"type":"collection_block","settings":{"selected_collection":"gsc-power-division","block_image":"shopify:\/\/shop_images\/54-GSC.jpg","collection_desc":"","show_timer":false,"do_not_schedule":true}},"collection_block_A3cTJY":{"type":"collection_block","settings":{"selected_collection":"wagner-tuning","block_image":"shopify:\/\/shop_images\/48-WAGNER.jpg","collection_desc":"","show_timer":false,"do_not_schedule":true}},"collection_block_dDEpgk":{"type":"collection_block","disabled":true,"settings":{"selected_collection":"mss-suspension","block_image":"shopify:\/\/shop_images\/55-MSS.jpg","collection_desc":"","show_timer":false,"do_not_schedule":false}},"collection_block_Ba6PPT":{"type":"collection_block","settings":{"selected_collection":"spl","block_image":"shopify:\/\/shop_images\/55-SPL.jpg","collection_desc":"","show_timer":false,"do_not_schedule":true}},"collection_block_hKbCjb":{"type":"collection_block","settings":{"selected_collection":"pure","block_image":"shopify:\/\/shop_images\/59-PURE.jpg","collection_desc":"","show_timer":false,"do_not_schedule":true}},"collection_block_QwL6iM":{"type":"collection_block","settings":{"selected_collection":"ctek","block_image":"shopify:\/\/shop_images\/58-CTEK.jpg","collection_desc":"","show_timer":false,"do_not_schedule":true}},"collection_block_KYNaCh":{"type":"collection_block","settings":{"selected_collection":"bell","block_image":"shopify:\/\/shop_images\/60-BELL.jpg","collection_desc":"","show_timer":false,"do_not_schedule":true}},"collection_block_JJAcxK":{"type":"collection_block","settings":{"selected_collection":"fifteen52","block_image":"shopify:\/\/shop_images\/61-fifteen52.jpg","collection_desc":"","show_timer":false,"do_not_schedule":true}},"collection_block_G8GYwj":{"type":"collection_block","settings":{"selected_collection":"garrett","block_image":"shopify:\/\/shop_images\/57-GARRETT.jpg","collection_desc":"","show_timer":false,"do_not_schedule":true}}},"block_order":["collection_block_6RxMat","collection_block_A3cTJY","collection_block_dDEpgk","collection_block_Ba6PPT","collection_block_hKbCjb","collection_block_QwL6iM","collection_block_KYNaCh","collection_block_JJAcxK","collection_block_G8GYwj"],"settings":{"sale_title":"","heading_alignment":"center","heading_color":"#000000","countdown_color":"#e60000","heading_font_size":24,"countdown_font_size":18}},"custom_image_banner_nzLLFF":{"type":"custom-image-banner","blocks":{"small_img_JjNKzC":{"type":"smallImg","disabled":true,"settings":{"item_width":"50%","item_grid_gap":15,"item_border_radirus":0,"title_align":"left","align_items":"bottom","align_items_spacing":15,"align_items_spacing_lr":30,"border_sub_title":false,"fontsize_sub_title":18,"mg_bottom_sub_title":10,"fontsize_title":24,"fontsize_title_mb":20,"mg_bottom_title":5,"mg_bottom_title_mb":5,"enable_style_italic":false,"fontsize_des":16,"mg_bottom_des":0,"mg_bottom_des_mb":20,"fontsize_btn":16,"button_width":190,"bg_opacity_button":1,"btn_text_transform":"uppercase","image_behavior":"none","enable_item_1":true,"item_width_1":"50%","item_spacing_1":50,"sub_title_1":"","color_sub_title_1":"#ffffff","title_1":"Lorem","color_title_1":"#ffffff","des_1":"Nullam aliquet","color_des_1":"#ffffff","button_1":"","link_1":"","color_button_1":"#ffffff","border_color_button_1":"#232323","bg_color_button_1":"#232323","bg_gradient_color_button_1":"","color_button_hover_1":"#ffffff","border_color_button_hover_1":"#232323","bg_color_button_hover_1":"#232323","bg_gradient_color_button_hover_1":"","btn_icon_1":"","enable_item_2":true,"item_width_2":"50%","item_spacing_2":50,"sub_title_2":"","color_sub_title_2":"#ffffff","title_2":"Lorem","color_title_2":"#ffffff","des_2":"Nullam aliquet","color_des_2":"#ffffff","button_2":"","link_2":"","color_button_2":"#ffffff","border_color_button_2":"#232323","bg_color_button_2":"#232323","bg_gradient_color_button_2":"","color_button_hover_2":"#ffffff","border_color_button_hover_2":"#232323","bg_color_button_hover_2":"#232323","bg_gradient_color_button_hover_2":"","btn_icon_2":"","enable_item_3":true,"item_width_3":"50%","item_spacing_3":0,"sub_title_3":"","color_sub_title_3":"#ffffff","title_3":"Lorem","color_title_3":"#ffffff","des_3":"Nullam aliquet","color_des_3":"#ffffff","button_3":"","link_3":"","color_button_3":"#ffffff","border_color_button_3":"#232323","bg_color_button_3":"#232323","bg_gradient_color_button_3":"","color_button_hover_3":"#ffffff","border_color_button_hover_3":"#232323","bg_color_button_hover_3":"#232323","bg_gradient_color_button_hover_3":"","btn_icon_3":"","enable_item_4":true,"item_width_4":"50%","item_spacing_4":0,"sub_title_4":"","color_sub_title_4":"#ffffff","title_4":"Lorem","color_title_4":"#ffffff","des_4":"Nullam aliquet","color_des_4":"#ffffff","button_4":"","link_4":"","color_button_4":"#ffffff","border_color_button_4":"#232323","bg_color_button_4":"#232323","bg_gradient_color_button_4":"","color_button_hover_4":"#ffffff","border_color_button_hover_4":"#232323","bg_color_button_hover_4":"#232323","bg_gradient_color_button_hover_4":"","btn_icon_4":""}},"large_img_QpgX9c":{"type":"largeImg","disabled":true,"settings":{"item_width":"50%","item_border_radirus":0,"item_spacing":0,"title_align":"left","align_items":"bottom","align_items_spacing":30,"align_items_spacing_lr":45,"sub_title":"","border_sub_title":false,"color_sub_title":"#ffffff","fontsize_sub_title":18,"mg_bottom_sub_title":10,"title":"Lorem De Dorus","color_title":"#ffffff","fontsize_title":24,"fontsize_title_mb":20,"mg_bottom_title":10,"mg_bottom_title_mb":5,"enable_style_italic":false,"des":"Nullam aliquet vestibulum augue non varius.","color_des":"#ffffff","fontsize_des":16,"mg_bottom_des":20,"mg_bottom_des_mb":20,"button":"Shop Now","link":"","fontsize_btn":16,"button_width":190,"color_button":"#ffffff","border_color_button":"#232323","bg_color_button":"#232323","bg_gradient_color_button":"","color_button_hover":"#ffffff","border_color_button_hover":"#232323","bg_color_button_hover":"#232323","bg_gradient_color_button_hover":"","bg_opacity_button":1,"btn_text_transform":"uppercase","btn_icon":"","image_behavior":"none"}},"large_img_i3djYT":{"type":"largeImg","settings":{"item_width":"100%","item_border_radirus":0,"item_spacing":0,"image":"shopify:\/\/shop_images\/Home-Page-Banner-_MOBILE_9a9b566a-de0f-40b2-b452-6191435f8f66.jpg","title_align":"left","align_items":"bottom","align_items_spacing":0,"align_items_spacing_lr":45,"sub_title":"","border_sub_title":false,"color_sub_title":"#ffffff","fontsize_sub_title":18,"mg_bottom_sub_title":10,"title":"","color_title":"#ffffff","fontsize_title":24,"fontsize_title_mb":20,"mg_bottom_title":10,"mg_bottom_title_mb":5,"enable_style_italic":false,"des":"","color_des":"#ffffff","fontsize_des":16,"mg_bottom_des":20,"mg_bottom_des_mb":20,"button":"","link":"","fontsize_btn":16,"button_width":190,"color_button":"#ffffff","border_color_button":"#232323","bg_color_button":"#232323","bg_gradient_color_button":"","color_button_hover":"#ffffff","border_color_button_hover":"#232323","bg_color_button_hover":"#232323","bg_gradient_color_button_hover":"","bg_opacity_button":1,"btn_text_transform":"uppercase","btn_icon":"","image_behavior":"none"}}},"block_order":["small_img_JjNKzC","large_img_QpgX9c","large_img_i3djYT"],"disabled":true,"settings":{"container":"container","padding_full_width":0,"custom_image_banner_block_swipe_on_mobile":"list","item_distance":15,"custom_image_banner_bg":"#ffffff","custom_image_banner_bg_gradient":"","title_align":"center","custom_image_banner_title":"","enable_border_title":false,"color_title":"#232323","fontsize_title":16,"fontsize_title_mb":16,"margin_bottom_title":45,"custom_image_banner_des":"","color_des":"#3c3c3c","fontsize_des":16,"mg_top_desktop":50,"mg_top_tablet":30,"mg_top_mobile":15,"mg_bottom_desktop":50,"mg_bottom_tablet":20,"mg_bottom_mobile":5}},"main":{"type":"main-list-collections","blocks":{"041c42e1-1fe2-401f-88fb-8cf9d97ed493":{"type":"collection","settings":{"collection":"open-box","image":"shopify:\/\/shop_images\/KiesOPEN_50OFF.jpg","display_countdown":false,"title":"","title_font_size":16,"title_font_size_mb":16,"title_font_weight":"800","mg_bottom_title":15,"title_color":"#808080","col_des":"","des":"Sale up to 60% off on selected items. End ins:","des_font_size":12,"des_font_size_mb":12,"des_font_weight":"400","mg_bottom_des":15,"text_color":"#000000","countdown":"2020\/01\/7 0:0:00","item_countdown_width":64,"item_countdown_height":64,"item_countdown_gap":7,"item_countdown_radius":50,"border_color":"#ffffff","countdown_background":"","countdown_background_gradient":"","opacity_background":0.8,"num_font_size":12,"num_font_size_mb":12,"num_font_weight":"400","num_color":"#000000","text_time_font_size":12,"text_time_font_size_mb":12,"text_time_font_weight":"400","text_time_color":"#000000"}},"f070a123-bf0f-4981-9d37-ce9bd31a7803":{"type":"collection","settings":{"collection":"mosselman","image":"shopify:\/\/shop_images\/MOSSELMAN_782213b3-df95-4ce1-9871-27d25b8af89a.jpg","display_countdown":false,"title":"","title_font_size":16,"title_font_size_mb":16,"title_font_weight":"800","mg_bottom_title":15,"title_color":"#808080","col_des":"","des":"Sale up to 60% off on selected items. End ins:","des_font_size":12,"des_font_size_mb":12,"des_font_weight":"400","mg_bottom_des":15,"text_color":"#000000","countdown":"2022\/10\/10 0:0:00","item_countdown_width":64,"item_countdown_height":64,"item_countdown_gap":7,"item_countdown_radius":50,"border_color":"#ffffff","countdown_background":"","countdown_background_gradient":"","opacity_background":0.8,"num_font_size":12,"num_font_size_mb":12,"num_font_weight":"400","num_color":"#000000","text_time_font_size":12,"text_time_font_size_mb":12,"text_time_font_weight":"400","text_time_color":"#000000"}},"88f0d701-4b2c-4f6e-9f19-af4107c5cc44":{"type":"collection","settings":{"collection":"dahler-discount","image":"shopify:\/\/shop_images\/DAHLER_BLACK_b5fb813c-5cd2-4432-baa1-18f4efccb766.jpg","display_countdown":false,"title":"","title_font_size":16,"title_font_size_mb":16,"title_font_weight":"800","mg_bottom_title":15,"title_color":"#e95144","col_des":"","des":"","des_font_size":12,"des_font_size_mb":12,"des_font_weight":"400","mg_bottom_des":15,"text_color":"#e95144","countdown":"2024\/11\/30 11:30:00","item_countdown_width":64,"item_countdown_height":64,"item_countdown_gap":7,"item_countdown_radius":50,"border_color":"#ffffff","countdown_background":"","countdown_background_gradient":"","opacity_background":0.8,"num_font_size":12,"num_font_size_mb":12,"num_font_weight":"400","num_color":"#e95144","text_time_font_size":12,"text_time_font_size_mb":12,"text_time_font_weight":"400","text_time_color":"#e95144"}},"558d2588-e481-4e7f-a059-1cabaa2a9507":{"type":"collection","settings":{"collection":"all-kies-minus-mosselman-dahler-etc","image":"shopify:\/\/shop_images\/KIES-PRODUCTS_BLACK.jpg","display_countdown":false,"title":"","title_font_size":20,"title_font_size_mb":16,"title_font_weight":"700","mg_bottom_title":13,"title_color":"#ffffff","col_des":"","des":"","des_font_size":12,"des_font_size_mb":12,"des_font_weight":"400","mg_bottom_des":15,"text_color":"#ffffff","countdown":"2025\/10\/01 0:0:00","item_countdown_width":64,"item_countdown_height":64,"item_countdown_gap":7.5,"item_countdown_radius":50,"border_color":"#ffffff","countdown_background":"rgba(0,0,0,0)","countdown_background_gradient":"","opacity_background":0.9,"num_font_size":20,"num_font_size_mb":20,"num_font_weight":"600","num_color":"#ffffff","text_time_font_size":12,"text_time_font_size_mb":12,"text_time_font_weight":"400","text_time_color":"#ffffff"}},"24cb80b7-942d-489f-841a-fa3c813bc800":{"type":"collection","settings":{"collection":"mst","image":"shopify:\/\/shop_images\/MST_d8b40dd8-8565-4beb-9c7a-4aae3cff4c27.jpg","display_countdown":false,"title":"","title_font_size":16,"title_font_size_mb":16,"title_font_weight":"800","mg_bottom_title":15,"title_color":"#808080","col_des":"","des":"Sale up to 60% off on selected items. End ins:","des_font_size":12,"des_font_size_mb":12,"des_font_weight":"400","mg_bottom_des":15,"text_color":"#000000","countdown":"2020\/01\/7 0:0:00","item_countdown_width":64,"item_countdown_height":64,"item_countdown_gap":7,"item_countdown_radius":50,"border_color":"#ffffff","countdown_background":"","countdown_background_gradient":"","opacity_background":0.8,"num_font_size":12,"num_font_size_mb":12,"num_font_weight":"400","num_color":"#000000","text_time_font_size":12,"text_time_font_size_mb":12,"text_time_font_weight":"400","text_time_color":"#000000"}},"cf5e4c28-6aa0-46c3-b6da-ad8bce3aa8fd":{"type":"collection","settings":{"collection":"precision-raceworks","image":"shopify:\/\/shop_images\/Precision-Raceworks.jpg","display_countdown":false,"title":"","title_font_size":16,"title_font_size_mb":16,"title_font_weight":"800","mg_bottom_title":15,"title_color":"#808080","col_des":"","des":"Sale up to 60% off on selected items. End ins:","des_font_size":12,"des_font_size_mb":12,"des_font_weight":"400","mg_bottom_des":15,"text_color":"#000000","countdown":"2020\/01\/7 0:0:00","item_countdown_width":64,"item_countdown_height":64,"item_countdown_gap":7,"item_countdown_radius":50,"border_color":"#ffffff","countdown_background":"","countdown_background_gradient":"","opacity_background":0.8,"num_font_size":12,"num_font_size_mb":12,"num_font_weight":"400","num_color":"#000000","text_time_font_size":12,"text_time_font_size_mb":12,"text_time_font_weight":"400","text_time_color":"#000000"}},"3caf9594-d59f-4fcb-aa49-ca70fc027cc9":{"type":"collection","settings":{"collection":"evolution-racewerks","image":"shopify:\/\/shop_images\/ER_0bf8c1e5-8e1b-444f-a452-a659718d5f9d.jpg","display_countdown":false,"title":"","title_font_size":16,"title_font_size_mb":16,"title_font_weight":"800","mg_bottom_title":15,"title_color":"#808080","col_des":"","des":"","des_font_size":12,"des_font_size_mb":12,"des_font_weight":"400","mg_bottom_des":15,"text_color":"#000000","countdown":"2020\/01\/7 0:0:00","item_countdown_width":64,"item_countdown_height":64,"item_countdown_gap":7,"item_countdown_radius":50,"border_color":"#ffffff","countdown_background":"","countdown_background_gradient":"","opacity_background":0.8,"num_font_size":12,"num_font_size_mb":12,"num_font_weight":"400","num_color":"#000000","text_time_font_size":12,"text_time_font_size_mb":12,"text_time_font_weight":"400","text_time_color":"#000000"}},"collection_AL7kBx":{"type":"collection","settings":{"collection":"kies-carbon","image":"shopify:\/\/shop_images\/KIESC_SALE.jpg","display_countdown":true,"title":"","title_font_size":20,"title_font_size_mb":16,"title_font_weight":"700","mg_bottom_title":13,"title_color":"#ffffff","col_des":"","des":"","des_font_size":12,"des_font_size_mb":12,"des_font_weight":"400","mg_bottom_des":15,"text_color":"#ffffff","countdown":"2022\/10\/01 0:0:00","item_countdown_width":64,"item_countdown_height":64,"item_countdown_gap":7.5,"item_countdown_radius":50,"border_color":"#ffffff","countdown_background":"rgba(0,0,0,0)","countdown_background_gradient":"","opacity_background":0.9,"num_font_size":20,"num_font_size_mb":20,"num_font_weight":"600","num_color":"#ffffff","text_time_font_size":12,"text_time_font_size_mb":12,"text_time_font_weight":"400","text_time_color":"#ffffff"}},"collection_aCybrU":{"type":"collection","settings":{"collection":"tlg-mud-flaps","image":"shopify:\/\/shop_images\/TLG_SALE.jpg","display_countdown":true,"title":"","title_font_size":20,"title_font_size_mb":16,"title_font_weight":"700","mg_bottom_title":13,"title_color":"#ffffff","col_des":"","des":"","des_font_size":12,"des_font_size_mb":12,"des_font_weight":"400","mg_bottom_des":15,"text_color":"#ffffff","countdown":"2022\/10\/01 0:0:00","item_countdown_width":64,"item_countdown_height":64,"item_countdown_gap":7.5,"item_countdown_radius":50,"border_color":"#ffffff","countdown_background":"rgba(0,0,0,0)","countdown_background_gradient":"","opacity_background":0.9,"num_font_size":20,"num_font_size_mb":20,"num_font_weight":"600","num_color":"#ffffff","text_time_font_size":12,"text_time_font_size_mb":12,"text_time_font_weight":"400","text_time_color":"#ffffff"}},"collection_E4c8mk":{"type":"collection","settings":{"collection":"kies-electronics","image":"shopify:\/\/shop_images\/KIESELEC_SALE_BANNER.jpg","display_countdown":true,"title":"","title_font_size":20,"title_font_size_mb":16,"title_font_weight":"700","mg_bottom_title":13,"title_color":"#ffffff","col_des":"","des":"","des_font_size":12,"des_font_size_mb":12,"des_font_weight":"400","mg_bottom_des":15,"text_color":"#ffffff","countdown":"2022\/10\/01 0:0:00","item_countdown_width":64,"item_countdown_height":64,"item_countdown_gap":7.5,"item_countdown_radius":50,"border_color":"#ffffff","countdown_background":"rgba(0,0,0,0)","countdown_background_gradient":"","opacity_background":0.9,"num_font_size":20,"num_font_size_mb":20,"num_font_weight":"600","num_color":"#ffffff","text_time_font_size":12,"text_time_font_size_mb":12,"text_time_font_weight":"400","text_time_color":"#ffffff"}},"5355789e-c611-4e6a-9282-a3f2ec77001c":{"type":"collection","settings":{"collection":"p3","image":"shopify:\/\/shop_images\/P3_20OFF.jpg","display_countdown":false,"title":"","title_font_size":16,"title_font_size_mb":16,"title_font_weight":"800","mg_bottom_title":15,"title_color":"#808080","col_des":"","des":"","des_font_size":12,"des_font_size_mb":12,"des_font_weight":"400","mg_bottom_des":15,"text_color":"#000000","countdown":"","item_countdown_width":64,"item_countdown_height":64,"item_countdown_gap":7,"item_countdown_radius":50,"border_color":"#ffffff","countdown_background":"","countdown_background_gradient":"","opacity_background":0.8,"num_font_size":12,"num_font_size_mb":12,"num_font_weight":"400","num_color":"#000000","text_time_font_size":12,"text_time_font_size_mb":12,"text_time_font_weight":"400","text_time_color":"#000000"}},"e8268ab9-5834-4e6f-bcdf-b1b6a1fd2c3b":{"type":"collection","disabled":true,"settings":{"collection":"aem","image":"shopify:\/\/shop_images\/AEM_20OFF.jpg","display_countdown":false,"title":"","title_font_size":16,"title_font_size_mb":16,"title_font_weight":"800","mg_bottom_title":15,"title_color":"#808080","col_des":"","des":"Sale up to 60% off on selected items. End ins:","des_font_size":12,"des_font_size_mb":12,"des_font_weight":"400","mg_bottom_des":15,"text_color":"#000000","countdown":"2020\/01\/7 0:0:00","item_countdown_width":64,"item_countdown_height":64,"item_countdown_gap":7,"item_countdown_radius":50,"border_color":"#ffffff","countdown_background":"","countdown_background_gradient":"","opacity_background":0.8,"num_font_size":12,"num_font_size_mb":12,"num_font_weight":"400","num_color":"#000000","text_time_font_size":12,"text_time_font_size_mb":12,"text_time_font_weight":"400","text_time_color":"#000000"}},"0eabcec2-e2f6-44a3-91b3-c52ce5c76f7c":{"type":"collection","disabled":true,"settings":{"collection":"k-n-engineering","image":"shopify:\/\/shop_images\/KN_20OFF.jpg","display_countdown":false,"title":"Special Offers","title_font_size":16,"title_font_size_mb":16,"title_font_weight":"800","mg_bottom_title":15,"title_color":"#808080","col_des":"","des":"Sale up to 60% off on selected items. End ins:","des_font_size":12,"des_font_size_mb":12,"des_font_weight":"400","mg_bottom_des":15,"text_color":"#000000","countdown":"2020\/01\/7 0:0:00","item_countdown_width":64,"item_countdown_height":64,"item_countdown_gap":7,"item_countdown_radius":50,"border_color":"#ffffff","countdown_background":"","countdown_background_gradient":"","opacity_background":0.8,"num_font_size":12,"num_font_size_mb":12,"num_font_weight":"400","num_color":"#000000","text_time_font_size":12,"text_time_font_size_mb":12,"text_time_font_weight":"400","text_time_color":"#000000"}},"2652c60c-835e-4f72-a7e8-05558d33a286":{"type":"image","disabled":true,"settings":{"show_block":true,"heading":"Image","link":""}},"0f331a33-2e64-4e1d-b681-ae29a13536ea":{"type":"category","disabled":true,"settings":{"show_block":true,"heading":"Categories","type":"3_level","link_list":"main-menu"}},"83cd34d4-6810-4c3f-b36e-e6123e267eae":{"type":"text","disabled":true,"settings":{"show_block":true,"heading":"Custom Block","text":"Custom Block Custom Block Custom Block Custom Block Custom Block Custom Block Custom Block"}},"abbf5cca-71b7-4845-8125-55b853ffa907":{"type":"product_block","disabled":true,"settings":{"show_block":true,"heading":"Featured Products","product_block_collection":"collection-home-1-1","product_block_layout":"slider","product_block_limit":8,"product_block_dots":false,"product_block_arrows":true}},"category_nRMjWV":{"type":"category","disabled":true,"settings":{"show_block":true,"heading":"Categories","type":"1_level","link_list":"main-menu"}}},"block_order":["041c42e1-1fe2-401f-88fb-8cf9d97ed493","f070a123-bf0f-4981-9d37-ce9bd31a7803","88f0d701-4b2c-4f6e-9f19-af4107c5cc44","558d2588-e481-4e7f-a059-1cabaa2a9507","24cb80b7-942d-489f-841a-fa3c813bc800","cf5e4c28-6aa0-46c3-b6da-ad8bce3aa8fd","3caf9594-d59f-4fcb-aa49-ca70fc027cc9","collection_AL7kBx","collection_aCybrU","collection_E4c8mk","5355789e-c611-4e6a-9282-a3f2ec77001c","e8268ab9-5834-4e6f-bcdf-b1b6a1fd2c3b","0eabcec2-e2f6-44a3-91b3-c52ce5c76f7c","2652c60c-835e-4f72-a7e8-05558d33a286","0f331a33-2e64-4e1d-b681-ae29a13536ea","83cd34d4-6810-4c3f-b36e-e6123e267eae","abbf5cca-71b7-4845-8125-55b853ffa907","category_nRMjWV"],"disabled":true,"settings":{"colors_bg":"#ffffff","colors_bg_gradient":"","show_breadcrumb":false,"breadcrumb_alignment":"left","breadcrumb_bg":"","breadcrumb_gradient":"","breadcrumb_bg_mb":"#f6f6f6","breadcrumb_gradient_mb":"","show_page_title":false,"page_title_alignment":"center","des_collection":"","des_collection_alignment":"center","des_collection_font_size":12,"des_collection_font_size_mb":12,"des_collection_font_weight":"400","mg_top_des_collection":5,"mg_bottom_des_collection":25,"des_collection_color":"#3c3c3c","container":"container","padding_top":0,"padding_top_tablet":0,"padding_top_mobile":0,"padding_bottom":0,"padding_bottom_tablet":0,"padding_bottom_mobile":0,"show_sidebar":false,"show_collapse":false,"enable_sticky":false,"sidebar_layout":"layout_1","sidebar_collapse_default":"expand","sidebar_position":"left","sidebar_heading_font":"font_1","sidebar_heading_font_size":14,"sidebar_heading_font_weight":"700","sidebar_heading_text_transform":"uppercase","type":"custom","sort":"alphabetical","item_per_row":"3","item_per_row_mb":"2","padding_top_collection_list":15,"padding_bottom_collection_list":80,"item_grid_gap":15,"collection_pagination_showmore":"all","collection_limit":12,"button_show_more":"show more","fontsize_show_more":14,"show_more_width":300,"fontweight_show_more":"700","show_more_text_transform":"uppercase","mg_top_show_more":0,"mg_bottom_show_more":0,"color_show_more":"#232323","show_more_border":"#232323","show_more_background":"#ffffff","show_more_background_gradient":"","show_more_color_hover":"#ffffff","show_more_border_hover":"#232323","show_more_background_hover":"#232323","show_more_background_gradient_hover":"","image_ratio":"adapt","portrait_aspect_ratio":112,"mg_bottom_image":8,"show_collection_title":true,"show_collection_product_count":true,"align":"center","border_color":"#ffffff","bg_color":"#ffffff","bg_color_gradient":"","title_font_size":24,"title_font_size_mb":16,"title_font_weight":"800","title_text_transform":"uppercase","mg_bottom_title":10,"title_color":"#000000","title_background":"#ffffff","title_background_gradient":"","count_font_size":12,"count_font_size_mb":12,"count_font_weight":"400","count_text_transform":"uppercase","mg_bottom_count":15,"count_color":"#999999","des_font_size":12,"des_font_size_mb":12,"des_font_weight":"400","des_text_transform":"none","limit_content_des":100,"mg_bottom_des":21,"text_color":"#3c3c3c","button_title":"Shop Now","button_style":"style1","fontsize_button":14,"button_width":190,"fontweight_button":"700","button_text_transform":"uppercase","mg_bottom_button":60,"color_button":"#ffffff","button_border":"#232323","button_background":"{{ shop.brand.colors.primary[0].background }}","button_background_gradient":"","button_color_hover":"#232323","button_border_hover":"#232323","button_background_hover":"#ffffff","button_background_gradient_hover":""}}},"order":["custom_image_banner_GmP3nK","countdown_hHhnYr","sale_collections_K4QBek","sale_collections_Ntk843","custom_image_banner_nzLLFF","main"]}