{"sections":{"bmw_custom_assets_fKNJy7":{"type":"bmw-custom-assets","disabled":true,"settings":{}},"build_your_kit_67iryU":{"type":"build-your-kit","disabled":true,"settings":{"selected_collection":"","build_name":"","product_list":["kelford-cams-285-280-stage-2-supra-a90-mk5","kelford-cams-mk5-supra-valve-springs-retainers","h-r-2019-bmw-330i-sedan-2wd-g20-sport-spring-non-adaptive-susp-1","kies-motorsports-bmw-g80-2021-2022-lemon-yellow-drl-headlights","jq-werks-madtrace®-clubsport-magnetic-paddle-shifters-for-bmw-mini-supra","csf-toyota-a90-a91-supra-bmw-g-series-b58-charge-air-cooler-manifold-machined-billet-aluminum","bmw-oem-g22-g23-3-4-series-g8x-m3-m4-m-performance-carbon-fiber-alcantara-interior-trim-kit","dahler-performance-exhaust-for-bmw-m340i-sedan-g20-touring-g21","2017-bmw-3-series-g20-bull-horn-style-dry-carbon-fiber-full-replacement-mirror-covers","bmw-high-gloss-black-front-trim-set-bmw-g20-includes-left-and-right","bmw-g20-3-series-carbon-fiber-m4-inspired-trunk-spoiler","dahler-anti-theft-throttle-commander-power-pedal","pure-drivetrain-solutions-zf-8hp51-stage-3-toyota-mk5-supra-transmission-rebuild","dorch-engineering-gen2-b58-flex-fuel-eca-plug-and-play","precision-racewerks-g8x-g2x-stand-alone-auxiliary-fuel-system","genuine-bmw-g20-g21-g22-g23-g80-m3-g82-g83-m4-m-performance-alcantara-arm-rest","kies-bmw-fire-extinguisher-seat-mounts","burger-motorsports-3-5-gallon-stealth-water-methanol-injection-wmi-tank-for-g20-g22-g80-m3-g82-m4-bmw","aem-v2-diesel-water-methanol-injection-kit-no-tank-internal-map","vtt-bmw-carbon-fiber-driveshaft","mk5-toyota-supra-a90-a91-direct-fit-axle-set","pure-drivetrain-solutions-upgraded-flywheel","vtt-billet-bmw-transfer-case-bushing-inserts","a90-91-supra-g-series-bmw-gc-front-drag-brake-kit","a90-91-supra-g-series-bmw-gc-rear-drag-brake-kit","spl-parts-2020-toyota-gr-supra-a90-2019-bmw-z4-g29-rear-swaybar-endlinks","spl-rear-toe-links-eccentric-lockouts-toyota-supra-a90-gr-bmw-g2x-bmw-g42","solid-differential-mount-bushings-toyota-supra-gr-a90-bmw-g29","spl-rear-upper-arms-toyota-supra-a90-gr-bmw-g2x-bmw-g42","spl-parts-2020-toyota-gr-supra-a90-2019-bmw-z4-g29-rear-traction-links","vs-double-adjustable-drag-shock-kit-f-g-series-supra-1","hoosier-dr2-245-45-17","hoosier-dr2-275-40-17","antigravity-h7-group-94r-lithium-car-battery-w-re-start","sparco-seat-ultra-carbon-blk","sparco-side-mount-aluminum-90-black","ngk-laser-iridium-spark-plug-box-of-4-ngk-94201","vs-b58-3-5-exhaust-dump-tube","vtt-plug-and-play-wireless-xdrive-controller","kies-motorsports-g-series-bmw-wheel-spacers-5-x-120-black-finish","genuine-bmw-self-leveling-fixed-center-cap-set","bmw-g20-black-trim-exhaust-tips-right-and-left"],"message":"This Item Is Out Of Stock","message_color":"#ff0000","product_list_modal":[],"product_oil_filter":[],"button_label":"","padding_top":100,"padding_bottom":100}},"main":{"type":"main-page","disabled":true,"settings":{}},"slide_show_DGBtn9":{"type":"slide-show","blocks":{"video_fMbfdW":{"type":"video","settings":{"style_video":"youtube","video_link":"eTCtDW7O1aM","enable_border_line":false,"padding_vertical":30,"bg_color_content":"","border_color_content":"","content_width":475,"alignment":"left","enable_custom_position":false,"custom_horizontal":"","custom_vertical":"","text_alignment":"center","video_mp4_link":"","video_mp4_link_mobile":"","sub_heading":"","letter_spacing_sub_title":"","font_size_sub_heading":30,"sub_heading_spacing_bottom":20,"font_weight_sub_heading":"400","border_sub_heading":"none","sub_title_position":"sub_title_above","color_sub_heading":"#ffffff","color_sub_heading_mb":"#ffffff","heading":"BMW","letter_spacing_heading":"","font_size_heading":40,"line_height_heading":40,"heading_spacing_bottom":8,"color_heading":"#0166b1","color_heading_mb":"#ffffff","slide-des":"Quisquemos sodales suscipit tortor ditaemcos condimentum de cosmo lacus meleifend menean diverra loremous.","des_spacing_bottom":35,"font_size_des":12,"color_des":"#232323","color_des_mb":"#ffffff","button_slide":"Shop Now","link":"#","enable_button_link":false,"enable_underline":true,"font_size_link":36,"min_width_banner_button":270,"color_button":"#ffffff","bg_button":"#232323","border_button":"#232323","color_button_hover":"#ffffff","bg_button_hover":"#232323","border_button_hover":"#232323"}}},"block_order":["video_fMbfdW"],"name":"t:sections.slide-show.presets.name","settings":{"container":"fullwidth","padding_full_width":0,"mg_top_desktop":0,"mg_top_tablet":0,"mg_top_mobile":0,"mg_bottom_desktop":0,"mg_bottom_tablet":0,"mg_bottom_mobile":0,"slideshow_background":"","slideshow_background_gradient":"","autoplay":true,"slideshow_speed":"5000","slideshow_transition":"true","dots":"shape","dots_color":"#707979","dots_border_color":"#707979","dots_active_color":"rgba(0,0,0,0)","dots_active_border_color":"#505656","dots_direction":"bottom","dots_shape":"disc","position_slick_dots":"34px","dots_opacity":false,"arrow_active":true,"enable_custom_arrow":false,"arrow_width":35,"arrow_height":35,"arrow_size_icon":17,"arrow_color":"#666d6d","arrow_border_color":"#666d6d","arrow_bg_color":"#ffffff","arrow_color_hover":"","arrow_border_color_hover":"","arrow_bg_color_hover":"","position_slick_arrow":"10%","position_vertical_slick_arrow":"50%","image_behavior":"none","video_height":"41.7%","auto_playvideo":true,"enable_categories":false,"text_categories":"Shop by categories","title_color":"#ffffff","bg_title":"#fd6506","text_icon_color":"#202020","menu_category":"","enable_banner":false,"lookbook_style":"1","enable_lookbook_width":false,"lookbook_width":250,"dot_desktop_size":24,"dot_mobile_size":16,"dot_shadow_color":"#ffffff80","dot_outer_color":"#ffffff","show_dot_number":false,"show_dot_number_mobile":false,"show_plus_icon":false,"dot_inner_color":"#000000","number_desktop_size":24,"number_mobile_size":16,"lookbook_truncate":"1"}},"brand_slider_dPENRT":{"type":"brand-slider","blocks":{"41b12b4c-82b5-4352-8517-389aad8e189c":{"type":"image","settings":{"image":"shopify:\/\/shop_images\/G80_6613530c-90c7-44e9-945d-d7515067a0aa.jpg","title":"G80","color_text":"#406b5d","color_text_hover":"#acacac","description":"<div class=\"vehicle-desc\">\n<p>2022<\/p>\n<p><i>M3<\/i><\/p>\n<\/div>","color_des":"#939393","link":"shopify:\/\/collections\/g80-bmw-m3"}},"image_3XMV6P":{"type":"image","settings":{"image":"shopify:\/\/shop_images\/F90.jpg","title":"F90","color_text":"#686356","color_text_hover":"#acacac","description":"<div class=\"vehicle-desc\">\n<p>2018-2022<\/p>\n<p><i>M5<\/i><\/p>\n<\/div>","color_des":"#939393","link":"shopify:\/\/collections\/m5-f90-2017-present"}},"image_GXWPAW":{"type":"image","settings":{"image":"shopify:\/\/shop_images\/F30_00cf5e69-94c0-44ca-ad27-aec6ef8bb6ce.jpg","title":"F30","color_text":"#25597b","color_text_hover":"#ffffff","description":"<div class=\"vehicle-desc\">\n<p>2012 - 2018<\/p>\n<p><i>320i\/328i\/330i\/335i\/340i<\/i><\/p>\n<\/div>","color_des":"#939393","link":"shopify:\/\/collections\/f30"}},"image_PnX4Dn":{"type":"image","settings":{"image":"shopify:\/\/shop_images\/G20_fef2635f-f112-4c01-a2cb-ee77e8491f73.jpg","title":"G20","color_text":"#3f3f3f","color_text_hover":"#ffffff","description":"<div class=\"vehicle-desc\">\n<p>2019-2023<\/p>\n<p><i>330i\/M340i<\/i><\/p>\n<\/div>","color_des":"#939393","link":"shopify:\/\/collections\/g20-2019-present"}},"image_zhWBrF":{"type":"image","settings":{"image":"shopify:\/\/shop_images\/Supra_02e22390-08fa-4b92-ac7f-457a64284031.jpg","title":"Supra","color_text":"#65865e","color_text_hover":"#ffffff","description":"","color_des":"#cccccc","link":"shopify:\/\/collections\/a90-toyota-supra"}},"image_UAwWEg":{"type":"image","settings":{"image":"shopify:\/\/shop_images\/F10.jpg","title":"F10","color_text":"#585555","color_text_hover":"#ffffff","description":"<div class=\"vehicle-desc\">\n<p>2010-2016<\/p>\n<p><i>M5\/528i\/535i\/550i<\/i><\/p>\n<\/div>","color_des":"#939393","link":"shopify:\/\/collections\/f10-2009-2017"}},"image_HRrG3C":{"type":"image","settings":{"image":"shopify:\/\/shop_images\/G30_df8a75b6-0f0b-4460-9a07-f5518ab7a4e4.jpg","title":"G30","color_text":"#000000","color_text_hover":"#acacac","description":"<div class=\"vehicle-desc\">\n<p>2018-2023<\/p>\n<p><i>530i\/540i\/M550i<\/i><\/p>\n<\/div>","color_des":"#939393","link":"shopify:\/\/collections\/g30-2016-2023"}},"image_rGtjeh":{"type":"image","settings":{"image":"shopify:\/\/shop_images\/F32_0d7724ed-277a-44fb-8094-9258ba8b2ee1.jpg","title":"F32","color_text":"#000000","color_text_hover":"#acacac","description":"<div class=\"vehicle-desc\">\n<p>2014-2019<\/p>\n<p><i>428i\/430i\/435i\/440i<\/i><\/p>\n<\/div>","color_des":"#939393","link":"shopify:\/\/collections\/f32-2014-2020"}},"image_3ti84h":{"type":"image","settings":{"image":"shopify:\/\/shop_images\/F82_ace97dac-07a3-4adb-ba97-f44ce86c0224.jpg","title":"F82","color_text":"#000000","color_text_hover":"#acacac","description":"<div class=\"vehicle-desc\">\n<p>2015-2017<\/p>\n<p><i>M5<\/i><\/p>\n<\/div>","color_des":"#939393","link":"shopify:\/\/collections\/f82"}},"image_7NyMWy":{"type":"image","settings":{"image":"shopify:\/\/shop_images\/F87_6d1f5f88-9069-433f-aea0-e66e3db82b5e.jpg","title":"F87","color_text":"#000000","color_text_hover":"#acacac","description":"<div class=\"vehicle-desc\">\n<p>2016-2022<\/p>\n<p><i>M2<\/i><\/p>\n<\/div>","color_des":"#939393","link":"shopify:\/\/collections\/f87"}},"image_MrBWJH":{"type":"image","settings":{"image":"shopify:\/\/shop_images\/G82_350f37ae-55c3-4cc6-96b0-87d76304e840.jpg","title":"G82","color_text":"#5d5c5c","color_text_hover":"#acacac","description":"<div class=\"vehicle-desc\">\n<p>2022<\/p>\n<p><i>M4<\/i><\/p>\n<\/div>","color_des":"#939393","link":"shopify:\/\/collections\/g82-bmw-m4"}},"image_KzkEJz":{"type":"image","settings":{"image":"shopify:\/\/shop_images\/G87_59f77c6a-47d9-4136-93b6-06d437321d65.jpg","title":"G87","color_text":"#3b5a6e","color_text_hover":"#acacac","description":"<div class=\"vehicle-desc\">\n<p>2022<\/p>\n<p><i>M2<\/i><\/p>\n<\/div>","color_des":"#939393","link":"shopify:\/\/collections\/m2-g87"}}},"block_order":["41b12b4c-82b5-4352-8517-389aad8e189c","image_3XMV6P","image_GXWPAW","image_PnX4Dn","image_zhWBrF","image_UAwWEg","image_HRrG3C","image_rGtjeh","image_3ti84h","image_7NyMWy","image_MrBWJH","image_KzkEJz"],"custom_css":[],"settings":{"container":"fullwidth","padding_full_width":0,"brands_block_style":"style_1","brand_layout":"slider","scroll_from":"rtl","brand_scroll_time":"50","display_brand_border":false,"brand_bg":"#ffffff","brand_bg_gradient":"linear-gradient(180deg, rgba(167, 175, 176, 1) 2%, rgba(255, 255, 255, 1) 17%, rgba(255, 255, 255, 1) 86%)","title_align":"center","brand_title":"SLIDE TO PICK YOUR VEHICLE","color_title":"#000000","fontsize_title":17,"fontsize_title_mb":14,"mg_bottom_title":0,"enable_background_title":true,"enable_border_title":false,"border_color_title":"#202b3d","brand_des":"","color_des":"#3c3c3c","fontsize_des":10,"mg_bottom_des":0,"view_all":"","view_all_fs":10,"font_weight_view_all":"400","mg_bottom_view":0,"enable_border_view_all":true,"link_view_all":"","color_view_all":"#202b3d","icon_view_all":"","color_view_all_icon":"#eb492f","view_all_icon_side":"left","btn_text":"","fontsize_btn":10,"btn_spacing_top":0,"btn_color":"#828282","btn_link":"","enable_autoplay":true,"brand_speed":"5000","brand_rows":"5","enable_arrows":false,"enable_dots":false,"enable_center_mode":false,"style_position_arrows":"none","position_horizontal_arrow":15,"color_arrow":"#000000","arrow_background":"","arrow_background_gradient":"","arrow_border":"#000000","color_arrow_hover":"","arrow_background_hover":"","arrow_background_gradient_hover":"","arrow_border_hover":"","brand_rows_mb":"2","brand_image_ratio":"adapt","item_distance":0,"margin_bottom_image":5,"brand_item_border":"none","border_radius":0,"border_color":"#e2e5e7","border_color_hover":"#2d2d2d","hover_effect":"zoom","color_underline_image_hover":"#000000","fontsize_text":17,"fontsize_text_mb":13,"font_weight_title":"700","margin_bottom_title":0,"mg_top_desktop":20,"mg_top_tablet":20,"mg_top_mobile":20,"mg_bottom_desktop":20,"mg_bottom_tablet":20,"mg_bottom_mobile":10,"gap_desktop":0,"gap_tablet":0,"gap_mobile":0}},"custom_image_banner_8WTaWK":{"type":"custom-image-banner","blocks":{"small_img_emB3nL":{"type":"smallImg","settings":{"item_width":"50%","item_grid_gap":15,"item_border_radirus":0,"title_align":"left","align_items":"bottom","align_items_spacing":15,"align_items_spacing_lr":30,"border_sub_title":false,"fontsize_sub_title":18,"mg_bottom_sub_title":10,"fontsize_title":24,"fontsize_title_mb":20,"mg_bottom_title":5,"mg_bottom_title_mb":5,"enable_style_italic":false,"fontsize_des":16,"mg_bottom_des":0,"mg_bottom_des_mb":20,"fontsize_btn":16,"button_width":190,"bg_opacity_button":1,"btn_text_transform":"uppercase","image_behavior":"none","enable_item_1":true,"item_width_1":"50%","item_spacing_1":50,"sub_title_1":"","color_sub_title_1":"#ffffff","title_1":"Lorem","color_title_1":"#ffffff","des_1":"Nullam aliquet","color_des_1":"#ffffff","button_1":"","link_1":"","color_button_1":"#ffffff","border_color_button_1":"#232323","bg_color_button_1":"#232323","bg_gradient_color_button_1":"","color_button_hover_1":"#ffffff","border_color_button_hover_1":"#232323","bg_color_button_hover_1":"#232323","bg_gradient_color_button_hover_1":"","btn_icon_1":"","enable_item_2":true,"item_width_2":"50%","item_spacing_2":50,"sub_title_2":"","color_sub_title_2":"#ffffff","title_2":"Lorem","color_title_2":"#ffffff","des_2":"Nullam aliquet","color_des_2":"#ffffff","button_2":"","link_2":"","color_button_2":"#ffffff","border_color_button_2":"#232323","bg_color_button_2":"#232323","bg_gradient_color_button_2":"","color_button_hover_2":"#ffffff","border_color_button_hover_2":"#232323","bg_color_button_hover_2":"#232323","bg_gradient_color_button_hover_2":"","btn_icon_2":"","enable_item_3":true,"item_width_3":"50%","item_spacing_3":0,"sub_title_3":"","color_sub_title_3":"#ffffff","title_3":"Lorem","color_title_3":"#ffffff","des_3":"Nullam aliquet","color_des_3":"#ffffff","button_3":"","link_3":"","color_button_3":"#ffffff","border_color_button_3":"#232323","bg_color_button_3":"#232323","bg_gradient_color_button_3":"","color_button_hover_3":"#ffffff","border_color_button_hover_3":"#232323","bg_color_button_hover_3":"#232323","bg_gradient_color_button_hover_3":"","btn_icon_3":"","enable_item_4":true,"item_width_4":"50%","item_spacing_4":0,"sub_title_4":"","color_sub_title_4":"#ffffff","title_4":"Lorem","color_title_4":"#ffffff","des_4":"Nullam aliquet","color_des_4":"#ffffff","button_4":"","link_4":"","color_button_4":"#ffffff","border_color_button_4":"#232323","bg_color_button_4":"#232323","bg_gradient_color_button_4":"","color_button_hover_4":"#ffffff","border_color_button_hover_4":"#232323","bg_color_button_hover_4":"#232323","bg_gradient_color_button_hover_4":"","btn_icon_4":""}},"large_img_4zH9q7":{"type":"largeImg","settings":{"item_width":"50%","item_border_radirus":0,"item_spacing":0,"title_align":"left","align_items":"bottom","align_items_spacing":30,"align_items_spacing_lr":45,"sub_title":"","border_sub_title":false,"color_sub_title":"#ffffff","fontsize_sub_title":18,"mg_bottom_sub_title":10,"title":"Lorem De Dorus","color_title":"#ffffff","fontsize_title":24,"fontsize_title_mb":20,"mg_bottom_title":10,"mg_bottom_title_mb":5,"enable_style_italic":false,"des":"Nullam aliquet vestibulum augue non varius.","color_des":"#ffffff","fontsize_des":16,"mg_bottom_des":20,"mg_bottom_des_mb":20,"button":"Shop Now","link":"","fontsize_btn":16,"button_width":190,"color_button":"#ffffff","border_color_button":"#232323","bg_color_button":"#232323","bg_gradient_color_button":"","color_button_hover":"#ffffff","border_color_button_hover":"#232323","bg_color_button_hover":"#232323","bg_gradient_color_button_hover":"","bg_opacity_button":1,"btn_text_transform":"uppercase","btn_icon":"","image_behavior":"none"}}},"block_order":["small_img_emB3nL","large_img_4zH9q7"],"settings":{"container":"container","padding_full_width":0,"custom_image_banner_block_swipe_on_mobile":"list","item_distance":15,"custom_image_banner_bg":"#ffffff","custom_image_banner_bg_gradient":"","title_align":"center","custom_image_banner_title":"Featured Models","enable_border_title":true,"color_title":"#232323","fontsize_title":16,"fontsize_title_mb":16,"margin_bottom_title":45,"custom_image_banner_des":"","color_des":"#3c3c3c","fontsize_des":16,"mg_top_desktop":50,"mg_top_tablet":50,"mg_top_mobile":50,"mg_bottom_desktop":50,"mg_bottom_tablet":50,"mg_bottom_mobile":50}}},"order":["bmw_custom_assets_fKNJy7","build_your_kit_67iryU","main","slide_show_DGBtn9","brand_slider_dPENRT","custom_image_banner_8WTaWK"]}