{"sections":{"build_your_kit_67iryU":{"type":"build-your-kit","disabled":true,"settings":{"selected_collection":"","build_name":"","product_list":["kelford-cams-285-280-stage-2-supra-a90-mk5","kelford-cams-mk5-supra-valve-springs-retainers","h-r-2019-bmw-330i-sedan-2wd-g20-sport-spring-non-adaptive-susp-1","kies-motorsports-bmw-g80-2021-2022-lemon-yellow-drl-headlights","jq-werks-madtrace®-clubsport-magnetic-paddle-shifters-for-bmw-mini-supra","csf-toyota-a90-a91-supra-bmw-g-series-b58-charge-air-cooler-manifold-machined-billet-aluminum","bmw-oem-g22-g23-3-4-series-g8x-m3-m4-m-performance-carbon-fiber-alcantara-interior-trim-kit","dahler-performance-exhaust-for-bmw-m340i-sedan-g20-touring-g21","2017-bmw-3-series-g20-bull-horn-style-dry-carbon-fiber-full-replacement-mirror-covers","bmw-high-gloss-black-front-trim-set-bmw-g20-includes-left-and-right","bmw-g20-3-series-carbon-fiber-m4-inspired-trunk-spoiler","dahler-anti-theft-throttle-commander-power-pedal","pure-drivetrain-solutions-zf-8hp51-stage-3-toyota-mk5-supra-transmission-rebuild","dorch-engineering-gen2-b58-flex-fuel-eca-plug-and-play","precision-racewerks-g8x-g2x-stand-alone-auxiliary-fuel-system","genuine-bmw-g20-g21-g22-g23-g80-m3-g82-g83-m4-m-performance-alcantara-arm-rest","kies-bmw-fire-extinguisher-seat-mounts","burger-motorsports-3-5-gallon-stealth-water-methanol-injection-wmi-tank-for-g20-g22-g80-m3-g82-m4-bmw","aem-v2-diesel-water-methanol-injection-kit-no-tank-internal-map","vtt-bmw-carbon-fiber-driveshaft","mk5-toyota-supra-a90-a91-direct-fit-axle-set","pure-drivetrain-solutions-upgraded-flywheel","vtt-billet-bmw-transfer-case-bushing-inserts","a90-91-supra-g-series-bmw-gc-front-drag-brake-kit","a90-91-supra-g-series-bmw-gc-rear-drag-brake-kit","spl-parts-2020-toyota-gr-supra-a90-2019-bmw-z4-g29-rear-swaybar-endlinks","spl-rear-toe-links-eccentric-lockouts-toyota-supra-a90-gr-bmw-g2x-bmw-g42","solid-differential-mount-bushings-toyota-supra-gr-a90-bmw-g29","spl-rear-upper-arms-toyota-supra-a90-gr-bmw-g2x-bmw-g42","spl-parts-2020-toyota-gr-supra-a90-2019-bmw-z4-g29-rear-traction-links","vs-double-adjustable-drag-shock-kit-f-g-series-supra-1","hoosier-dr2-245-45-17","hoosier-dr2-275-40-17","antigravity-h7-group-94r-lithium-car-battery-w-re-start","sparco-seat-ultra-carbon-blk","sparco-side-mount-aluminum-90-black","ngk-laser-iridium-spark-plug-box-of-4-ngk-94201","vs-b58-3-5-exhaust-dump-tube","vtt-plug-and-play-wireless-xdrive-controller","kies-motorsports-g-series-bmw-wheel-spacers-5-x-120-black-finish","genuine-bmw-self-leveling-fixed-center-cap-set","bmw-g20-black-trim-exhaust-tips-right-and-left"],"enable_accordion":false,"accordion_group":"byk-group-1","start_open":false,"message":"This Item Is Out Of Stock","message_color":"#ff0000","product_list_modal":[],"product_oil_filter":[],"button_label":"","padding_top":100,"padding_bottom":100,"enable_countup":true,"general_title":"Performance Stats","show_number_1":true,"custom_number_1":"50","custom_number_1_prefix":"","custom_number_1_text":"Horsepower","show_number_2":true,"custom_number_2":"100","custom_number_2_prefix":"","custom_number_2_text":"Torque","show_number_3":false,"custom_number_3":"100","custom_number_3_prefix":"","custom_number_3_text":"Total","show_number_4":false,"custom_number_4":"0","custom_number_4_prefix":"","custom_number_4_text":"","show_number_5":false,"custom_number_5":"0","custom_number_5_prefix":"","custom_number_5_text":"","show_number_6":false,"custom_number_6":"0","custom_number_6_prefix":"","custom_number_6_text":"","show_number_7":false,"custom_number_7":"0","custom_number_7_prefix":"","custom_number_7_text":"","top_spacing":50,"bottom_spacing":50,"font_size":40,"font_color":"#000000"}},"main":{"type":"main-page","settings":{}},"blocks_jCGibN":{"type":"_blocks","blocks":{"ai_gen_block_05e97a0_JcKmBb":{"type":"ai_gen_block_05e97a0","name":"Product bundle builder","settings":{"bundle_title":"Build Your Bundle","title_size":32,"title_color":"#000000","product_1":"1200cc-fic-toyota-supra-5th-gen-j29-db-fuel-injector-clinic-injector-set-high-z","exclude_discount_1":false,"product_2":"14-x-1-25-to-12-x-1-5-bullet-nose-conversion-stud-kit-78mm-with-17mm-black-conical-seat-nuts","exclude_discount_2":false,"product_3":"1000cc-fic-toyota-supra-5th-gen-j29-db-fuel-injector-clinic-injector-set-high-z","exclude_discount_3":true,"product_4":"","exclude_discount_4":false,"product_5":"","exclude_discount_5":false,"product_6":"","exclude_discount_6":false,"product_7":"","exclude_discount_7":false,"product_8":"","exclude_discount_8":false,"card_height":250,"card_border_radius":8,"card_background":"#ffffff","card_border_color":"#e0e0e0","card_border_hover_color":"#999999","card_selected_border_color":"#000000","card_text_color":"#000000","card_price_color":"#000000","no_discount_text":"No discount available","no_discount_banner_bg":"#757575","no_discount_banner_text":"#ffffff","checkbox_background":"#ffffff","checkbox_border_color":"#cccccc","checkbox_checked_background":"#000000","checkbox_check_color":"#ffffff","tier_1_count":1,"tier_1_discount":5,"tier_2_count":2,"tier_2_discount":10,"tier_3_count":3,"tier_3_discount":15,"tier_4_count":0,"tier_4_discount":20,"tier_5_count":0,"tier_5_discount":25,"summary_background":"#f9f9f9","summary_border_color":"#e0e0e0","summary_border_radius":8,"summary_text_color":"#000000","total_text_color":"#000000","discount_text_color":"#d32f2f","discount_badge_background":"#d32f2f","discount_badge_text_color":"#ffffff","button_text":"Add Bundle to Cart","button_background":"#000000","button_hover_background":"#333333","button_text_color":"#ffffff","button_border_radius":4},"blocks":{}},"ai_gen_block_bcd14dc_9hbqBY":{"type":"ai_gen_block_bcd14dc","name":"Product bundle builder","disabled":true,"settings":{"bundle_title":"Build Your Bundle","button_text":"Add Bundle to Cart","discount_1_product":0,"discount_2_products":5,"discount_3_products":10,"discount_4_products":15,"discount_5_plus_products":20,"product_1":"1-75x-095-tube-interlocking-connectors","exclude_discount_1":false,"product_2":"12mm-small-od-flat-washer","exclude_discount_2":false,"product_3":"16-20-bmw-l6-3-0l-turbo-twin-turbo-l4-2-0l-l6-2-5l-wrinkle-black-turbo-ses-intercooler-pipes","exclude_discount_3":false,"product_4":"","exclude_discount_4":false,"product_5":"","exclude_discount_5":false,"product_6":"","exclude_discount_6":false,"product_7":"","exclude_discount_7":false,"product_8":"","exclude_discount_8":false,"product_9":"","exclude_discount_9":false,"product_10":"","exclude_discount_10":false,"product_11":"","exclude_discount_11":false,"product_12":"","exclude_discount_12":false,"background_color":"#ffffff","text_color":"#000000","price_color":"#000000","discount_color":"#d32f2f","savings_color":"#388e3c","card_background":"#ffffff","card_border_color":"#e0e0e0","card_border_hover":"#9e9e9e","card_border_selected":"#1976d2","card_border_radius":8,"checkbox_background":"#ffffff","checkbox_border":"#9e9e9e","checkbox_checked_background":"#1976d2","checkbox_check_color":"#ffffff","excluded_badge_bg":"#ff9800","excluded_badge_text":"#ffffff","summary_background":"#f5f5f5","summary_border":"#e0e0e0","summary_border_radius":8,"button_background":"#1976d2","button_hover_background":"#1565c0","button_text_color":"#ffffff","button_border_radius":4,"title_size":32,"section_padding":40},"blocks":{}}},"block_order":["ai_gen_block_05e97a0_JcKmBb","ai_gen_block_bcd14dc_9hbqBY"],"name":"Bundle add-ons","settings":{}}},"order":["build_your_kit_67iryU","main","blocks_jCGibN"]}