{"sections":{"smile-landing-page":{"type":"smile-landing-page","settings":{}},"17340237985033c1c2":{"type":"apps","blocks":{"smile_io_smile_landing_page_header_A9Aghn":{"type":"shopify:\/\/apps\/smile-io\/blocks\/smile-landing-page-header\/2fae4e25-1841-4ea2-bc02-bd548478c4f6","settings":{"primary_colour":"#333","secondary_colour":"#fff","background_image":"shopify:\/\/shop_images\/Screenshot_2024-12-12_at_12.24.55_PM.png","title_text":"Welcome to our rewards page","description_text":"Earn reward points on every purchase. Redeem for discounts on future purchases.","join_button_text":"Join now","login_button_text":"Log in","is_previewing_logged_in_state":true,"discover_button_text":"Discover the loyalty program"}},"smile_io_smile_landing_page_how_it_works_NTGpHD":{"type":"shopify:\/\/apps\/smile-io\/blocks\/smile-landing-page-how-it-works\/2fae4e25-1841-4ea2-bc02-bd548478c4f6","settings":{"primary_colour":"#333","secondary_colour":"#fff","title_text":"How it works","step1_heading_text":"Join","step1_description_text":"Sign up or login to start earning straight away.","step2_heading_text":"Earn","step2_description_text":"Earn points for every dollar spent.","step3_heading_text":"Redeem","step3_description_text":"Redeem points for discounts on your next purchase."}},"smile_io_smile_landing_page_earning_rule_highlight_RLhy4T":{"type":"shopify:\/\/apps\/smile-io\/blocks\/smile-landing-page-earning-rule-highlight\/2fae4e25-1841-4ea2-bc02-bd548478c4f6","settings":{"primary_colour":"#333","secondary_colour":"#fff","image":"shopify:\/\/shop_images\/Screenshot_2024-12-12_at_12.31.06_PM.png","title_text":"Earn points for every order placed","description_text":"The more you spend, the more you save.","button_text":"Ways to earn"}},"smile_io_smile_landing_page_redeeming_rule_highlight_tepjAG":{"type":"shopify:\/\/apps\/smile-io\/blocks\/smile-landing-page-redeeming-rule-highlight\/2fae4e25-1841-4ea2-bc02-bd548478c4f6","settings":{"primary_colour":"#333","secondary_colour":"#fff","image":"shopify:\/\/shop_images\/Screenshot_2024-12-12_at_12.39.23_PM.png","title_text":"Redeem points for rewards","description_text":"Redeem points on your next purchase, or save them up for higher value rewards.","button_text":"Ways to redeem"}}},"block_order":["smile_io_smile_landing_page_header_A9Aghn","smile_io_smile_landing_page_how_it_works_NTGpHD","smile_io_smile_landing_page_earning_rule_highlight_RLhy4T","smile_io_smile_landing_page_redeeming_rule_highlight_tepjAG"],"settings":{"include_margins":false}}},"order":["smile-landing-page","17340237985033c1c2"]}