{"sections":{"main":{"type":"main-page","disabled":true,"settings":{}},"image_banner_KYULgp":{"type":"image-banner","blocks":{"large_img_U7kJbe":{"type":"largeImg","settings":{"image":"shopify:\/\/shop_images\/BLOG_POST_png.webp","mobile_image":"shopify:\/\/shop_images\/BLOG_POST_png.webp","enable_max_width_image":false,"custom_width_image":1170,"enable_scroll_down":false,"enable_custom_image":false,"image_behavior":"none","sub_title":"","border_sub_title":false,"font_size_sub_title":14,"font_size_sub_title_mb":14,"margin_bottom_sub_title":14,"sub_heading_font":"font_1","font_weight_sub_title":"700","sub_title_position":"sub_title_above","color_sub_title":"#232323","color_sub_title_mb":"#ffffff","heading":"","letter_spacing_heading":"","enable_style_italic":false,"font_size_heading":40,"font_size_heading_mb":24,"margin_bottom_heading":20,"font_weight_heading":"600","color_heading":"#232323","color_heading_mb":"#ffffff","border_title":"border_s1","border_color_title":"#232323","border_color_title_mobile":"#ffffff","text":"","font_size_des":12,"font_size_des_mb":12,"line_height_des":26,"margin_bottom_des":35,"color_des":"#232323","color_des_mb":"#ffffff","countdown":"","hide_countdown_fc":"countdown","countdown_style":"round","countdown_position":"countdown_below_desc","font_size_countdown_number":30,"font_size_countdown_text":14,"color_countdown":"#232323","color_countdown_mb":"#ffffff","countdown_margin_bottom":35,"content_width":475,"bg_color_content":"","align":"center","align_items":"center","position":"left","custom_horizontal":"","custom_vertical":"","btn_text":"","link":"","btn_icon":"","button_1_width":235,"enable_button_custom_border":false,"button_color":"#ffffff","button_border":"#232323","button_background":"#232323","button_background_gradient":"","button_color_hover":"#ffffff","button_border_hover":"#232323","button_background_hover":"#232323","button_background_gradient_hover":"","btn_text_2":"","link_2":"","btn_icon_2":"","button_color_2":"#ffffff","button_border_2":"#232323","button_background_2":"#232323","button_background_2_gradient":"","button_color_hover_2":"#ffffff","button_border_hover_2":"#232323","button_background_hover_2":"#232323","button_background_gradient_hover_2":"","video_link":"","adaptive_height_video":"56","icon_style":"style_1","color_icon":"#ffffff","bg_color_icon":"#000000","enable_custom_video_icon_position":false,"video_icon_horizontal_position":"","video_icon_vertical_position":"","video_icon_horizontal_position_mb":"","video_icon_vertical_position_mb":""}}},"block_order":["large_img_U7kJbe"],"disabled":true,"settings":{"id_section":"","container":"fullwidth","padding_full_width":0,"image_banner_title":"","enable_border_title":false,"color_title":"#202020","fontsize_title":24,"fontsize_title_mb":20,"margin_bottom_title":25,"image_banner_des":"","color_des":"#202020","fontsize_des":16,"title_align":"center","style_bg":"none","bg_color":"","bg_color_gradient":"","display_type":"slide","list_gap":0,"enable_arrows":false,"arrows_position":"","enable_dots":false,"enable_autoplay":false,"mg_top_desktop":50,"mg_top_tablet":50,"mg_top_mobile":50,"mg_bottom_desktop":0,"mg_bottom_tablet":0,"mg_bottom_mobile":0}},"custom_text_block_wmMRba":{"type":"custom-text-block","settings":{"container":"container","padding_full_width":0,"brand_bg":"#ffffff","brand_bg_gradient":"","brand_title":"","color_title":"#232323","fontsize_title":16,"fontsize_title_mb":16,"brand_des":"Current Wheel Horsepower\/Wheel Torque: <br>480\/460","color_des":"#3c3c3c","fontsize_des":14,"title_align":"center","menu":"","grid_gap":5,"padding_vertical":5,"padding_hozi":5,"border_radius":5,"fontsize_tab":16,"color_tab":"#232323","border_color":"#f9ede1","bg_color_tab":"#f9ede1","bg_color_gradient_tab":"","color_active":"#232323","border_color_active":"#f9ede1","bg_color_active":"#f9ede1","bg_color_gradient_active":"","mg_top_desktop":30,"mg_top_tablet":30,"mg_top_mobile":30,"mg_bottom_desktop":0,"mg_bottom_tablet":0,"mg_bottom_mobile":0}},"custom_text_block_TjQeaF":{"type":"custom-text-block","settings":{"container":"container","padding_full_width":0,"brand_bg":"#ffffff","brand_bg_gradient":"","brand_title":"Mods installed & available for purchase","color_title":"#232323","fontsize_title":18,"fontsize_title_mb":16,"brand_des":"Select each item to add to your cart","color_des":"#3c3c3c","fontsize_des":13,"title_align":"center","menu":"","grid_gap":5,"padding_vertical":5,"padding_hozi":5,"border_radius":5,"fontsize_tab":16,"color_tab":"#232323","border_color":"#f9ede1","bg_color_tab":"#f9ede1","bg_color_gradient_tab":"","color_active":"#232323","border_color_active":"#f9ede1","bg_color_active":"#f9ede1","bg_color_gradient_active":"","mg_top_desktop":50,"mg_top_tablet":50,"mg_top_mobile":50,"mg_bottom_desktop":0,"mg_bottom_tablet":0,"mg_bottom_mobile":0}},"build_your_kit_rgyiwC":{"type":"build-your-kit","settings":{"selected_collection":"garys-bmw-f30-build","build_name":"","product_list":"{{ page.metafields.custom.garyf30.value }}","info_icon":"shopify:\/\/shop_images\/info.svg","message":"This Item Is Out Of Stock","message_color":"#ff0000","product_list_modal":[],"product_oil_filter":[],"button_label":"","padding_top":0,"padding_bottom":100}}},"order":["main","image_banner_KYULgp","custom_text_block_wmMRba","custom_text_block_TjQeaF","build_your_kit_rgyiwC"]}