{"sections":{"main":{"type":"main-page","disabled":true,"settings":{}},"image_banner_KYULgp":{"type":"image-banner","blocks":{"large_img_U7kJbe":{"type":"largeImg","settings":{"image":"shopify:\/\/shop_images\/Andrew_s-M340i-Build.jpg","mobile_image":"shopify:\/\/shop_images\/Andrew_s-M340i-Build-Mobile.jpg","enable_max_width_image":false,"custom_width_image":1170,"enable_scroll_down":false,"enable_custom_image":false,"image_behavior":"none","sub_title":"","border_sub_title":false,"font_size_sub_title":14,"font_size_sub_title_mb":14,"margin_bottom_sub_title":14,"sub_heading_font":"font_1","font_weight_sub_title":"700","sub_title_position":"sub_title_above","color_sub_title":"#232323","color_sub_title_mb":"#ffffff","heading":"","letter_spacing_heading":"","enable_style_italic":false,"font_size_heading":40,"font_size_heading_mb":24,"margin_bottom_heading":20,"font_weight_heading":"600","color_heading":"#232323","color_heading_mb":"#ffffff","border_title":"border_s1","border_color_title":"#232323","border_color_title_mobile":"#ffffff","text":"","font_size_des":12,"font_size_des_mb":12,"line_height_des":26,"margin_bottom_des":35,"color_des":"#232323","color_des_mb":"#ffffff","countdown":"","hide_countdown_fc":"countdown","countdown_style":"round","countdown_position":"countdown_below_desc","font_size_countdown_number":30,"font_size_countdown_text":14,"color_countdown":"#232323","color_countdown_mb":"#ffffff","countdown_margin_bottom":35,"content_width":475,"bg_color_content":"","align":"center","align_items":"center","position":"left","custom_horizontal":"","custom_vertical":"","btn_text":"","link":"","btn_icon":"","button_1_width":235,"enable_button_custom_border":false,"button_color":"#ffffff","button_border":"#232323","button_background":"#232323","button_background_gradient":"","button_color_hover":"#ffffff","button_border_hover":"#232323","button_background_hover":"#232323","button_background_gradient_hover":"","btn_text_2":"","link_2":"","btn_icon_2":"","button_color_2":"#ffffff","button_border_2":"#232323","button_background_2":"#232323","button_background_2_gradient":"","button_color_hover_2":"#ffffff","button_border_hover_2":"#232323","button_background_hover_2":"#232323","button_background_gradient_hover_2":"","video_link":"","adaptive_height_video":"56","icon_style":"style_1","color_icon":"#ffffff","bg_color_icon":"#000000","enable_custom_video_icon_position":false,"video_icon_horizontal_position":"","video_icon_vertical_position":"","video_icon_horizontal_position_mb":"","video_icon_vertical_position_mb":""}}},"block_order":["large_img_U7kJbe"],"settings":{"id_section":"","container":"fullwidth","padding_full_width":0,"image_banner_title":"","enable_border_title":false,"color_title":"#202020","fontsize_title":24,"fontsize_title_mb":20,"margin_bottom_title":25,"image_banner_des":"","color_des":"#202020","fontsize_des":16,"title_align":"center","style_bg":"none","bg_color":"","bg_color_gradient":"","display_type":"slide","list_gap":0,"enable_arrows":false,"arrows_position":"","enable_dots":false,"enable_autoplay":false,"mg_top_desktop":0,"mg_top_tablet":0,"mg_top_mobile":0,"mg_bottom_desktop":0,"mg_bottom_tablet":0,"mg_bottom_mobile":5}},"custom_text_block_wmMRba":{"type":"custom-text-block","settings":{"container":"container","padding_full_width":0,"brand_bg":"#ffffff","brand_bg_gradient":"","brand_title":"","color_title":"#232323","fontsize_title":16,"fontsize_title_mb":16,"brand_des":"If you've followed ANDREW'S 2022 BMW G20 M340i BUILD on YouTube, you'll know this is one serious build! To make things easy, we've listed out all the mods that we've done below in Version 1 and the changes we made for Version 2. \n\nFor videos on the car, check out <a href=\"https:\/\/www.youtube.com\/playlist?list=PLIVYGpUOHneOsENamFkj0E7M9koC0EBsd\">THE M3'S WORST NIGHTMARE<\/a> playlist on the KIES YouTube channel!","color_des":"#3c3c3c","fontsize_des":14,"title_align":"center","menu":"","grid_gap":5,"padding_vertical":5,"padding_hozi":5,"border_radius":5,"fontsize_tab":16,"color_tab":"#232323","border_color":"#f9ede1","bg_color_tab":"#f9ede1","bg_color_gradient_tab":"","color_active":"#232323","border_color_active":"#f9ede1","bg_color_active":"#f9ede1","bg_color_gradient_active":"","mg_top_desktop":30,"mg_top_tablet":30,"mg_top_mobile":15,"mg_bottom_desktop":0,"mg_bottom_tablet":0,"mg_bottom_mobile":0}},"count_up_block_NN3Dzj":{"type":"count-up-block","settings":{"general_title":"Version 1 Stats:","enable_accordion":true,"accordion_group":"stats-group-1","start_open":true,"heading":"","show_number_1":true,"custom_number_1":"1151","custom_number_1_prefix":"","custom_number_1_text":"Current Horse Power","show_number_2":true,"custom_number_2":"973","custom_number_2_prefix":"","custom_number_2_text":"Current Torque","show_number_3":true,"custom_number_3":"8.683","custom_number_3_prefix":"","custom_number_3_text":"1\/4 Mile Time","show_number_4":true,"custom_number_4":"1.358","custom_number_4_prefix":"","custom_number_4_text":"0-60mph (sec)","show_number_5":true,"custom_number_5":"3.688","custom_number_5_prefix":"","custom_number_5_text":"60-130mph (sec)","show_number_6":true,"custom_number_6":"5.614","custom_number_6_prefix":"","custom_number_6_text":"130-150mph (sec)","show_number_7":true,"custom_number_7":"159.02","custom_number_7_prefix":"","custom_number_7_text":"Peak Speed (mph)","top_spacing":0,"bottom_spacing":0,"font_size":40,"font_color":"#000000"}},"custom_text_block_TjQeaF":{"type":"custom-text-block","disabled":true,"settings":{"container":"container","padding_full_width":0,"brand_bg":"#ffffff","brand_bg_gradient":"","brand_title":"Mods installed & available for purchase","color_title":"#232323","fontsize_title":16,"fontsize_title_mb":16,"brand_des":"","color_des":"#3c3c3c","fontsize_des":16,"title_align":"center","menu":"","grid_gap":5,"padding_vertical":5,"padding_hozi":5,"border_radius":5,"fontsize_tab":16,"color_tab":"#232323","border_color":"#f9ede1","bg_color_tab":"#f9ede1","bg_color_gradient_tab":"","color_active":"#232323","border_color_active":"#f9ede1","bg_color_active":"#f9ede1","bg_color_gradient_active":"","mg_top_desktop":40,"mg_top_tablet":40,"mg_top_mobile":40,"mg_bottom_desktop":0,"mg_bottom_tablet":0,"mg_bottom_mobile":0}},"build_your_kit_rgyiwC":{"type":"build-your-kit","settings":{"selected_collection":"andrew-build","build_name":"Andrew's G20 M340i","product_list":"{{ page.metafields.custom.am_build.value }}","enable_accordion":true,"accordion_group":"byk-group-1","start_open":true,"info_icon":"shopify:\/\/shop_images\/info.svg","message":"This Item Is Out Of Stock","message_color":"#ff0000","product_list_modal":[],"product_oil_filter":[],"button_label":"","padding_top":0,"padding_bottom":100,"general_title":"Performance Stats","show_number_1":true,"custom_number_1":"50","custom_number_1_prefix":"","custom_number_1_text":"Horsepower","show_number_2":true,"custom_number_2":"0","custom_number_2_prefix":"","custom_number_2_text":"Torque","show_number_3":true,"custom_number_3":"0","custom_number_3_prefix":"","custom_number_3_text":"1\/4 Mile Time","show_number_4":true,"custom_number_4":"0","custom_number_4_prefix":"","custom_number_4_text":"0-60 MPH (sec)","show_number_5":true,"custom_number_5":"0","custom_number_5_prefix":"","custom_number_5_text":"60-130 MPH (sec)","show_number_6":true,"custom_number_6":"0","custom_number_6_prefix":"","custom_number_6_text":"130-150 MPH (sec)","show_number_7":true,"custom_number_7":"0","custom_number_7_prefix":"","custom_number_7_text":"Peak Speed (mph)","top_spacing":50,"bottom_spacing":50,"font_size":40,"font_color":"#000000"}},"count_up_block_yrdjfW":{"type":"count-up-block","settings":{"general_title":"Version 2 Stats:","enable_accordion":true,"accordion_group":"stats-group-1","start_open":false,"heading":"","show_number_1":true,"custom_number_1":"1151","custom_number_1_prefix":"","custom_number_1_text":"Current Horse Power","show_number_2":true,"custom_number_2":"973","custom_number_2_prefix":"","custom_number_2_text":"Current Torque","show_number_3":true,"custom_number_3":"8.683","custom_number_3_prefix":"","custom_number_3_text":"1\/4 Mile Time","show_number_4":true,"custom_number_4":"1.358","custom_number_4_prefix":"","custom_number_4_text":"0-60mph (sec)","show_number_5":true,"custom_number_5":"3.688","custom_number_5_prefix":"","custom_number_5_text":"60-130mph (sec)","show_number_6":true,"custom_number_6":"5.614","custom_number_6_prefix":"","custom_number_6_text":"130-150mph (sec)","show_number_7":true,"custom_number_7":"159.02","custom_number_7_prefix":"","custom_number_7_text":"Peak Speed (mph)","top_spacing":0,"bottom_spacing":0,"font_size":40,"font_color":"#000000"}},"build_your_kit_fNgq7a":{"type":"build-your-kit","settings":{"selected_collection":"andrews-g20-build-version-2","build_name":"Andrew's G20 M340i in VERSION 2","product_list":"{{ page.metafields.custom.am_build.value }}","enable_accordion":true,"accordion_group":"byk-group-1","start_open":false,"info_icon":"shopify:\/\/shop_images\/info.svg","message":"This Item Is Out Of Stock","message_color":"#ff0000","product_list_modal":[],"product_oil_filter":[],"button_label":"","padding_top":0,"padding_bottom":100,"general_title":"Performance Stats","show_number_1":true,"custom_number_1":"50","custom_number_1_prefix":"","custom_number_1_text":"Horsepower","show_number_2":true,"custom_number_2":"100","custom_number_2_prefix":"","custom_number_2_text":"Torque","show_number_3":false,"custom_number_3":"100","custom_number_3_prefix":"","custom_number_3_text":"Total","show_number_4":false,"custom_number_4":"0","custom_number_4_prefix":"","custom_number_4_text":"","show_number_5":false,"custom_number_5":"0","custom_number_5_prefix":"","custom_number_5_text":"","show_number_6":false,"custom_number_6":"0","custom_number_6_prefix":"","custom_number_6_text":"","show_number_7":false,"custom_number_7":"0","custom_number_7_prefix":"","custom_number_7_text":"","top_spacing":50,"bottom_spacing":50,"font_size":40,"font_color":"#000000"}}},"order":["main","image_banner_KYULgp","custom_text_block_wmMRba","count_up_block_NN3Dzj","custom_text_block_TjQeaF","build_your_kit_rgyiwC","count_up_block_yrdjfW","build_your_kit_fNgq7a"]}