{
  "sections": {
    "main": {
      "type": "store-locator",
      "blocks": {
        "59d6563c-9f03-42a6-af6c-0476e031b0f7": {
          "type": "item",
          "settings": {
            "phone_formatted": "(202) 387-9338",
            "address": "1471 P St NW",
            "city": "Washington DC",
            "country": "United States",
            "cross_street": "at 15th St NW",
            "postal_code": "20005",
            "state": "D.C.",
            "lat": "38.909671288923",
            "lng": "-77.034084142948"
          }
        },
        "bcdec88e-db0f-4443-88d6-2eb0a4e3492e": {
          "type": "item",
          "settings": {
            "phone_formatted": "(202) 507-8357",
            "address": "2221 I St NW",
            "city": "Washington DC",
            "country": "United States",
            "cross_street": "at 22nd St NW",
            "postal_code": "20037",
            "state": "D.C.",
            "lat": "38.900772",
            "lng": "-77.049766"
          }
        },
        "186c6a14-5b48-4736-bd18-1962e21b0410": {
          "type": "item",
          "settings": {
            "phone_formatted": "(202) 387-9338",
            "address": "1512 Connecticut Ave NW",
            "city": "Washington DC",
            "country": "United States",
            "cross_street": "at Dupont Circle",
            "postal_code": "20036",
            "state": "D.C.",
            "lat": "38.910525",
            "lng": "-77.043929"
          }
        },
        "a2734f88-dc11-4677-bdf2-a88bff8da9f3": {
          "type": "item",
          "settings": {
            "phone_formatted": "(202) 387-9338",
            "address": "3333 M St NW",
            "city": "Washington DC",
            "country": "United States",
            "cross_street": "at 34th St NW",
            "postal_code": "20007",
            "state": "D.C.",
            "lat": "38.90516896",
            "lng": "-77.0672"
          }
        },
        "5659671e-e7e1-46bf-ae37-ecc5431a349c": {
          "type": "item",
          "settings": {
            "phone_formatted": "(202) 387-9338",
            "address": "221 Pennsylvania Ave SE",
            "city": "Washington DC",
            "country": "United States",
            "cross_street": "btwn 2nd & 3rd Sts. SE",
            "postal_code": "20003",
            "state": "D.C.",
            "lat": "38.887041080933",
            "lng": "-77.002583742142"
          }
        },
        "4510eed2-7267-448a-8bd8-bd54e93da332": {
          "type": "item",
          "settings": {
            "phone_formatted": "",
            "address": "8204 Baltimore Ave",
            "city": "College Park",
            "country": "United States",
            "cross_street": "",
            "postal_code": "20740",
            "state": "MD",
            "lat": "38.99225245786",
            "lng": "-76.933492720127"
          }
        },
        "cea75631-a0e0-421a-8579-1877463b2ba4": {
          "type": "item",
          "settings": {
            "phone_formatted": "(301) 654-7336",
            "address": "4831 Bethesda Ave",
            "city": "Bethesda",
            "country": "United States",
            "cross_street": "",
            "postal_code": "20814",
            "state": "MD",
            "lat": "38.980979",
            "lng": "-77.097083330154"
          }
        },
        "23076de6-c468-4bb2-9ea6-8eb04a31c70b": {
          "type": "item",
          "settings": {
            "phone_formatted": "(571) 203-0082",
            "address": "11935 Democracy Dr",
            "city": "Reston",
            "country": "United States",
            "cross_street": "btw Explorer & Library",
            "postal_code": "20190",
            "state": "VA",
            "lat": "38.958058116661",
            "lng": "-77.359425054188"
          }
        },
        "776f30da-88ad-4aa1-90d2-a20b698dd2f2": {
          "type": "item",
          "settings": {
            "phone_formatted": "(703) 522-2016",
            "address": "4075 Wilson Blvd",
            "city": "Arlington",
            "country": "United States",
            "cross_street": "at N Randolph St.",
            "postal_code": "22203",
            "state": "VA",
            "lat": "38.880100922392",
            "lng": "-77.10853099823"
          }
        },
        "5abb1e19-7c31-4d87-a8ce-2065a97baf2d": {
          "type": "item",
          "settings": {
            "phone_formatted": "(610) 642-9400",
            "address": "68 Coulter Ave",
            "city": "Ardmore",
            "country": "United States",
            "cross_street": "",
            "postal_code": "19003",
            "state": "PA",
            "lat": "40.008008",
            "lng": "-75.28784"
          }
        },
        "5ff9df75-db76-4d0f-90f7-1913504c75fb": {
          "type": "item",
          "settings": {
            "phone_formatted": "(215) 386-1365",
            "address": "3925 Walnut St",
            "city": "Philadelphia",
            "country": "United States",
            "cross_street": "",
            "postal_code": "19104",
            "state": "PA",
            "lat": "39.954030175164",
            "lng": "-75.20121216774"
          }
        },
        "01a2b91b-e433-4e37-a301-d4116a070fcb": {
          "type": "item",
          "settings": {
            "phone_formatted": "(202) 331-3355",
            "address": "1901 L St. NW",
            "city": "Washington DC",
            "country": "United States",
            "cross_street": "at 19th St",
            "postal_code": "20036",
            "state": "D.C",
            "lat": "38.903883387232",
            "lng": "-77.043959498405"
          }
        }
      },
      "block_order": [
        "59d6563c-9f03-42a6-af6c-0476e031b0f7",
        "bcdec88e-db0f-4443-88d6-2eb0a4e3492e",
        "186c6a14-5b48-4736-bd18-1962e21b0410",
        "a2734f88-dc11-4677-bdf2-a88bff8da9f3",
        "5659671e-e7e1-46bf-ae37-ecc5431a349c",
        "4510eed2-7267-448a-8bd8-bd54e93da332",
        "cea75631-a0e0-421a-8579-1877463b2ba4",
        "23076de6-c468-4bb2-9ea6-8eb04a31c70b",
        "776f30da-88ad-4aa1-90d2-a20b698dd2f2",
        "5abb1e19-7c31-4d87-a8ce-2065a97baf2d",
        "5ff9df75-db76-4d0f-90f7-1913504c75fb",
        "01a2b91b-e433-4e37-a301-d4116a070fcb"
      ],
      "settings": {
        "show_breadcrumb": true,
        "breadcrumb_alignment": "center",
        "breadcrumb_bg": "",
        "breadcrumb_gradient": "",
        "breadcrumb_bg_mb": "#f6f6f6",
        "breadcrumb_gradient_mb": "",
        "show_page_title": true,
        "page_title_alignment": "center",
        "container": "container",
        "mg_top_desktop": 0,
        "mg_top_tablet": 0,
        "mg_top_mobile": 0,
        "mg_bottom_desktop": 50,
        "mg_bottom_tablet": 50,
        "mg_bottom_mobile": 50,
        "bounding_box": "-171.791110603, 18.91619, -66.96466, 71.3577635769",
        "map_style": "streets",
        "map_pitch": 60,
        "map_bearing": 0,
        "distance_unit": "miles",
        "enable_custom_marker": true,
        "custom_marker_image": "shopify:\/\/shop_images\/green-marker.png",
        "marker_width": 42,
        "marker_height": 42,
        "popup_header_color": "#91c949",
        "popup_header_gradient": "linear-gradient(54deg, rgba(78, 249, 236, 1) 28%, rgba(107, 253, 161, 1) 92%)",
        "popup_header_text_color": "#000000",
        "address_font_size": 16,
        "address_font_weight": "600",
        "address_text_color": "#000000",
        "address_text_color_hover": "#59c1bd",
        "info_font_size": 14,
        "info_font_weight": "400",
        "info_text_color": "#000000"
      }
    }
  },
  "order": [
    "main"
  ]
}
