{"sections":{"build_your_kit_67iryU":{"type":"build-your-kit","disabled":true,"settings":{"selected_collection":"","build_name":"","product_list":["kelford-cams-285-280-stage-2-supra-a90-mk5","kelford-cams-mk5-supra-valve-springs-retainers","h-r-2019-bmw-330i-sedan-2wd-g20-sport-spring-non-adaptive-susp-1","kies-motorsports-bmw-g80-2021-2022-lemon-yellow-drl-headlights","jq-werks-madtrace®-clubsport-magnetic-paddle-shifters-for-bmw-mini-supra","csf-toyota-a90-a91-supra-bmw-g-series-b58-charge-air-cooler-manifold-machined-billet-aluminum","bmw-oem-g22-g23-3-4-series-g8x-m3-m4-m-performance-carbon-fiber-alcantara-interior-trim-kit","dahler-performance-exhaust-for-bmw-m340i-sedan-g20-touring-g21","2017-bmw-3-series-g20-bull-horn-style-dry-carbon-fiber-full-replacement-mirror-covers","bmw-high-gloss-black-front-trim-set-bmw-g20-includes-left-and-right","bmw-g20-3-series-carbon-fiber-m4-inspired-trunk-spoiler","dahler-anti-theft-throttle-commander-power-pedal","pure-drivetrain-solutions-zf-8hp51-stage-3-toyota-mk5-supra-transmission-rebuild","dorch-engineering-gen2-b58-flex-fuel-eca-plug-and-play","precision-racewerks-g8x-g2x-stand-alone-auxiliary-fuel-system","genuine-bmw-g20-g21-g22-g23-g80-m3-g82-g83-m4-m-performance-alcantara-arm-rest","kies-bmw-fire-extinguisher-seat-mounts","burger-motorsports-3-5-gallon-stealth-water-methanol-injection-wmi-tank-for-g20-g22-g80-m3-g82-m4-bmw","aem-v2-diesel-water-methanol-injection-kit-no-tank-internal-map","vtt-bmw-carbon-fiber-driveshaft","mk5-toyota-supra-a90-a91-direct-fit-axle-set","pure-drivetrain-solutions-upgraded-flywheel","vtt-billet-bmw-transfer-case-bushing-inserts","a90-91-supra-g-series-bmw-gc-front-drag-brake-kit","a90-91-supra-g-series-bmw-gc-rear-drag-brake-kit","spl-parts-2020-toyota-gr-supra-a90-2019-bmw-z4-g29-rear-swaybar-endlinks","spl-rear-toe-links-eccentric-lockouts-toyota-supra-a90-gr-bmw-g2x-bmw-g42","solid-differential-mount-bushings-toyota-supra-gr-a90-bmw-g29","spl-rear-upper-arms-toyota-supra-a90-gr-bmw-g2x-bmw-g42","spl-parts-2020-toyota-gr-supra-a90-2019-bmw-z4-g29-rear-traction-links","vs-double-adjustable-drag-shock-kit-f-g-series-supra-1","hoosier-dr2-245-45-17","hoosier-dr2-275-40-17","antigravity-h7-group-94r-lithium-car-battery-w-re-start","sparco-seat-ultra-carbon-blk","sparco-side-mount-aluminum-90-black","ngk-laser-iridium-spark-plug-box-of-4-ngk-94201","vs-b58-3-5-exhaust-dump-tube","vtt-plug-and-play-wireless-xdrive-controller","kies-motorsports-g-series-bmw-wheel-spacers-5-x-120-black-finish","genuine-bmw-self-leveling-fixed-center-cap-set","bmw-g20-black-trim-exhaust-tips-right-and-left"],"message":"This Item Is Out Of Stock","message_color":"#ff0000","product_list_modal":[],"product_oil_filter":[],"button_label":"","padding_top":100,"padding_bottom":100}},"main":{"type":"main-page","disabled":true,"settings":{}},"custom_image_banner_FbkQaW":{"type":"custom-image-banner","blocks":{"small_img_JFfzBw":{"type":"smallImg","settings":{"item_width":"50%","item_grid_gap":15,"item_border_radirus":0,"title_align":"left","align_items":"bottom","align_items_spacing":15,"align_items_spacing_lr":30,"border_sub_title":false,"fontsize_sub_title":18,"mg_bottom_sub_title":10,"fontsize_title":24,"fontsize_title_mb":20,"mg_bottom_title":5,"mg_bottom_title_mb":5,"enable_style_italic":false,"fontsize_des":16,"mg_bottom_des":0,"mg_bottom_des_mb":20,"fontsize_btn":16,"button_width":190,"bg_opacity_button":1,"btn_text_transform":"uppercase","image_behavior":"none","enable_item_1":true,"item_width_1":"50%","item_spacing_1":50,"image_1":"shopify:\/\/shop_images\/Turbo-S_bc409b6b-3c57-4135-8935-bb4aab02467a.jpg","sub_title_1":"","color_sub_title_1":"#ffffff","title_1":"","color_title_1":"#ffffff","des_1":"","color_des_1":"#ffffff","button_1":"","link_1":"shopify:\/\/pages\/rays-2024-porsche-911-992-turbo-s-build","color_button_1":"#ffffff","border_color_button_1":"#232323","bg_color_button_1":"#232323","bg_gradient_color_button_1":"","color_button_hover_1":"#ffffff","border_color_button_hover_1":"#232323","bg_color_button_hover_1":"#232323","bg_gradient_color_button_hover_1":"","btn_icon_1":"","enable_item_2":true,"item_width_2":"50%","item_spacing_2":50,"image_2":"shopify:\/\/shop_images\/G80_dd33134b-70c8-4f83-84ca-e1f9582b4841.jpg","sub_title_2":"","color_sub_title_2":"#ffffff","title_2":"","color_title_2":"#ffffff","des_2":"","color_des_2":"#ffffff","button_2":"","link_2":"shopify:\/\/pages\/bryans-2022-g80-m3-competition-build","color_button_2":"#ffffff","border_color_button_2":"#232323","bg_color_button_2":"#232323","bg_gradient_color_button_2":"","color_button_hover_2":"#ffffff","border_color_button_hover_2":"#232323","bg_color_button_hover_2":"#232323","bg_gradient_color_button_hover_2":"","btn_icon_2":"","enable_item_3":true,"item_width_3":"50%","item_spacing_3":0,"image_3":"shopify:\/\/shop_images\/G87_cc5cf989-85e7-4ad6-967a-45b3f5f87628.jpg","sub_title_3":"","color_sub_title_3":"#ffffff","title_3":"","color_title_3":"#ffffff","des_3":"","color_des_3":"#ffffff","button_3":"","link_3":"shopify:\/\/pages\/bills-2023-g87-m2-build","color_button_3":"#ffffff","border_color_button_3":"#232323","bg_color_button_3":"#232323","bg_gradient_color_button_3":"","color_button_hover_3":"#ffffff","border_color_button_hover_3":"#232323","bg_color_button_hover_3":"#232323","bg_gradient_color_button_hover_3":"","btn_icon_3":"","enable_item_4":true,"item_width_4":"50%","item_spacing_4":0,"image_4":"shopify:\/\/shop_images\/9924S_bc46325a-13ad-4737-8b68-a22850329320.jpg","sub_title_4":"","color_sub_title_4":"#ffffff","title_4":"","color_title_4":"#ffffff","des_4":"","color_des_4":"#ffffff","button_4":"","link_4":"shopify:\/\/pages\/bryans-992-911-porsche","color_button_4":"#727272","border_color_button_4":"#232323","bg_color_button_4":"#232323","bg_gradient_color_button_4":"","color_button_hover_4":"#727272","border_color_button_hover_4":"#232323","bg_color_button_hover_4":"#232323","bg_gradient_color_button_hover_4":"","btn_icon_4":""}},"small_img_Pfze7j":{"type":"smallImg","settings":{"item_width":"50%","item_grid_gap":15,"item_border_radirus":0,"title_align":"center","align_items":"center","align_items_spacing":15,"align_items_spacing_lr":30,"border_sub_title":false,"fontsize_sub_title":18,"mg_bottom_sub_title":10,"fontsize_title":24,"fontsize_title_mb":20,"mg_bottom_title":5,"mg_bottom_title_mb":5,"enable_style_italic":false,"fontsize_des":16,"mg_bottom_des":0,"mg_bottom_des_mb":20,"fontsize_btn":16,"button_width":190,"bg_opacity_button":1,"btn_text_transform":"uppercase","image_behavior":"none","enable_item_1":true,"item_width_1":"50%","item_spacing_1":0,"image_1":"shopify:\/\/shop_images\/F30_e5f61781-42a8-48d1-9af1-625af51140ca.jpg","sub_title_1":"","color_sub_title_1":"#ffffff","title_1":"","color_title_1":"#ffffff","des_1":"","color_des_1":"#ffffff","button_1":"","link_1":"shopify:\/\/pages\/bryans-f30-335i-xdrive-build","color_button_1":"#ffffff","border_color_button_1":"#232323","bg_color_button_1":"#232323","bg_gradient_color_button_1":"","color_button_hover_1":"#000000","border_color_button_hover_1":"#232323","bg_color_button_hover_1":"#232323","bg_gradient_color_button_hover_1":"","btn_icon_1":"","enable_item_2":true,"item_width_2":"50%","item_spacing_2":50,"image_2":"shopify:\/\/shop_images\/F80_97e19b8f-d583-465e-a7d1-53587bdc7259.jpg","sub_title_2":"","color_sub_title_2":"#ffffff","title_2":"","color_title_2":"#ffffff","des_2":"","color_des_2":"#ffffff","button_2":"","link_2":"shopify:\/\/pages\/bryans-2016-f80-m3-build","color_button_2":"#ffffff","border_color_button_2":"#232323","bg_color_button_2":"#232323","bg_gradient_color_button_2":"","color_button_hover_2":"#ffffff","border_color_button_hover_2":"#232323","bg_color_button_hover_2":"#232323","bg_gradient_color_button_hover_2":"","btn_icon_2":"","enable_item_3":true,"item_width_3":"50%","item_spacing_3":45,"image_3":"shopify:\/\/shop_images\/G82_17b72e11-0ddf-4130-9af6-7f20b2654e8e.jpg","sub_title_3":"","color_sub_title_3":"#ffffff","title_3":"","color_title_3":"#ffffff","des_3":"","color_des_3":"#ffffff","button_3":"","link_3":"shopify:\/\/pages\/edwins-2022-g82-m4-competition-build","color_button_3":"#ffffff","border_color_button_3":"#232323","bg_color_button_3":"#232323","bg_gradient_color_button_3":"","color_button_hover_3":"#ffffff","border_color_button_hover_3":"#232323","bg_color_button_hover_3":"#232323","bg_gradient_color_button_hover_3":"","btn_icon_3":"","enable_item_4":true,"item_width_4":"50%","item_spacing_4":45,"image_4":"shopify:\/\/shop_images\/G20_063d3f0c-d5c4-458a-8cbc-4d9009111aef.jpg","sub_title_4":"","color_sub_title_4":"#ffffff","title_4":"","color_title_4":"#ffffff","des_4":"","color_des_4":"#ffffff","button_4":"","link_4":"shopify:\/\/pages\/andrew-build-page","color_button_4":"#ffffff","border_color_button_4":"#232323","bg_color_button_4":"#232323","bg_gradient_color_button_4":"","color_button_hover_4":"#ffffff","border_color_button_hover_4":"#232323","bg_color_button_hover_4":"#232323","bg_gradient_color_button_hover_4":"","btn_icon_4":""}},"small_img_NTx868":{"type":"smallImg","settings":{"item_width":"50%","item_grid_gap":15,"item_border_radirus":0,"title_align":"center","align_items":"center","align_items_spacing":15,"align_items_spacing_lr":30,"border_sub_title":false,"fontsize_sub_title":18,"mg_bottom_sub_title":10,"fontsize_title":24,"fontsize_title_mb":20,"mg_bottom_title":5,"mg_bottom_title_mb":5,"enable_style_italic":false,"fontsize_des":16,"mg_bottom_des":0,"mg_bottom_des_mb":20,"fontsize_btn":16,"button_width":190,"bg_opacity_button":1,"btn_text_transform":"uppercase","image_behavior":"none","enable_item_1":true,"item_width_1":"50%","item_spacing_1":50,"image_1":"shopify:\/\/shop_images\/Mini_c61c6239-ab0e-4b0e-ba40-e599597d5bd0.jpg","sub_title_1":"","color_sub_title_1":"#ffffff","title_1":"","color_title_1":"#ffffff","des_1":"","color_des_1":"#ffffff","button_1":"","link_1":"shopify:\/\/pages\/zacs-mini-cooper","color_button_1":"#ffffff","border_color_button_1":"#232323","bg_color_button_1":"#232323","bg_gradient_color_button_1":"","color_button_hover_1":"#ffffff","border_color_button_hover_1":"#232323","bg_color_button_hover_1":"#232323","bg_gradient_color_button_hover_1":"","btn_icon_1":"","enable_item_2":true,"item_width_2":"50%","item_spacing_2":50,"image_2":"shopify:\/\/shop_images\/F90_bcbff01f-cbc1-49cd-aff1-a7902cb84e1c.jpg","sub_title_2":"","color_sub_title_2":"#ffffff","title_2":"","color_title_2":"#ffffff","des_2":"","color_des_2":"#ffffff","button_2":"","link_2":"shopify:\/\/pages\/steves-m5-f90-bmw-build","color_button_2":"#ffffff","border_color_button_2":"#232323","bg_color_button_2":"#232323","bg_gradient_color_button_2":"","color_button_hover_2":"#ffffff","border_color_button_hover_2":"#232323","bg_color_button_hover_2":"#232323","bg_gradient_color_button_hover_2":"","btn_icon_2":"","enable_item_3":false,"item_width_3":"50%","item_spacing_3":0,"sub_title_3":"","color_sub_title_3":"#ffffff","title_3":"","color_title_3":"#ffffff","des_3":"","color_des_3":"#ffffff","button_3":"","link_3":"","color_button_3":"#ffffff","border_color_button_3":"#232323","bg_color_button_3":"#232323","bg_gradient_color_button_3":"","color_button_hover_3":"#ffffff","border_color_button_hover_3":"#232323","bg_color_button_hover_3":"#232323","bg_gradient_color_button_hover_3":"","btn_icon_3":"","enable_item_4":false,"item_width_4":"50%","item_spacing_4":0,"sub_title_4":"","color_sub_title_4":"#ffffff","title_4":"","color_title_4":"#ffffff","des_4":"","color_des_4":"#ffffff","button_4":"","link_4":"","color_button_4":"#ffffff","border_color_button_4":"#232323","bg_color_button_4":"#232323","bg_gradient_color_button_4":"","color_button_hover_4":"#ffffff","border_color_button_hover_4":"#232323","bg_color_button_hover_4":"#232323","bg_gradient_color_button_hover_4":"","btn_icon_4":""}}},"block_order":["small_img_JFfzBw","small_img_Pfze7j","small_img_NTx868"],"settings":{"container":"container","padding_full_width":0,"custom_image_banner_block_swipe_on_mobile":"list","item_distance":15,"custom_image_banner_bg":"#ffffff","custom_image_banner_bg_gradient":"","title_align":"center","custom_image_banner_title":"Kies Motorsports Builds","enable_border_title":true,"color_title":"#232323","fontsize_title":16,"fontsize_title_mb":16,"margin_bottom_title":45,"custom_image_banner_des":"","color_des":"#3c3c3c","fontsize_des":16,"mg_top_desktop":50,"mg_top_tablet":50,"mg_top_mobile":50,"mg_bottom_desktop":50,"mg_bottom_tablet":50,"mg_bottom_mobile":50}}},"order":["build_your_kit_67iryU","main","custom_image_banner_FbkQaW"]}