{
  "sections": {
    "main": {
      "type": "main-page",
      "disabled": true,
      "settings": {}
    },
    "2fe59714-36b4-4a78-b0be-f9ba405cadf2": {
      "type": "custom-image-banner",
      "blocks": {
        "83c88a6b-2af4-4cea-a5c9-bf767723b895": {
          "type": "largeImg",
          "disabled": true,
          "settings": {
            "item_width": "100%",
            "item_border_radirus": 0,
            "item_spacing": 30,
            "image": "shopify:\/\/shop_images\/KIES_WINTER_SALE_TOP.jpg",
            "title_align": "left",
            "align_items": "bottom",
            "align_items_spacing": 30,
            "align_items_spacing_lr": 45,
            "sub_title": "",
            "border_sub_title": false,
            "color_sub_title": "#ffffff",
            "fontsize_sub_title": 18,
            "mg_bottom_sub_title": 10,
            "title": "",
            "color_title": "#ffffff",
            "fontsize_title": 24,
            "fontsize_title_mb": 20,
            "mg_bottom_title": 10,
            "mg_bottom_title_mb": 5,
            "enable_style_italic": false,
            "des": "",
            "color_des": "#ffffff",
            "fontsize_des": 16,
            "mg_bottom_des": 20,
            "mg_bottom_des_mb": 20,
            "button": "ALL PRODUCTS",
            "link": "shopify:\/\/collections\/tax-sale",
            "fontsize_btn": 36,
            "button_width": 450,
            "color_button": "#ffffff",
            "border_color_button": "#232323",
            "bg_color_button": "#232323",
            "bg_gradient_color_button": "",
            "color_button_hover": "#ffffff",
            "border_color_button_hover": "#232323",
            "bg_color_button_hover": "#232323",
            "bg_gradient_color_button_hover": "",
            "bg_opacity_button": 1,
            "btn_text_transform": "uppercase",
            "btn_icon": "",
            "image_behavior": "none"
          }
        },
        "92f0979d-8113-4263-a3d1-1d2234250fc4": {
          "type": "smallImg",
          "settings": {
            "item_width": "50%",
            "item_grid_gap": 15,
            "item_border_radirus": 0,
            "title_align": "left",
            "align_items": "bottom",
            "align_items_spacing": 15,
            "align_items_spacing_lr": 30,
            "border_sub_title": false,
            "fontsize_sub_title": 18,
            "mg_bottom_sub_title": 10,
            "fontsize_title": 24,
            "fontsize_title_mb": 20,
            "mg_bottom_title": 5,
            "mg_bottom_title_mb": 5,
            "enable_style_italic": false,
            "fontsize_des": 16,
            "mg_bottom_des": 0,
            "mg_bottom_des_mb": 20,
            "fontsize_btn": 16,
            "button_width": 190,
            "bg_opacity_button": 1,
            "btn_text_transform": "uppercase",
            "image_behavior": "none",
            "enable_item_1": true,
            "item_width_1": "50%",
            "item_spacing_1": 50,
            "image_1": "shopify:\/\/shop_images\/VARIANT_WHEELS_copy_80651f7d-e3fe-4f88-8ee8-7d543dc83fb8.jpg",
            "sub_title_1": "",
            "color_sub_title_1": "#ffffff",
            "title_1": "",
            "color_title_1": "#ffffff",
            "des_1": "",
            "color_des_1": "#ffffff",
            "button_1": "",
            "link_1": "shopify:\/\/collections\/variant-wheels",
            "color_button_1": "#ffffff",
            "border_color_button_1": "#232323",
            "bg_color_button_1": "#232323",
            "bg_gradient_color_button_1": "",
            "color_button_hover_1": "#ffffff",
            "border_color_button_hover_1": "#232323",
            "bg_color_button_hover_1": "#232323",
            "bg_gradient_color_button_hover_1": "",
            "btn_icon_1": "",
            "enable_item_2": true,
            "item_width_2": "50%",
            "item_spacing_2": 50,
            "image_2": "shopify:\/\/shop_images\/PTF_INTERCOOLERS_32bb3dc6-7a00-4a09-9292-6d61212d9f21.jpg",
            "sub_title_2": "",
            "color_sub_title_2": "#ffffff",
            "title_2": "",
            "color_title_2": "#ffffff",
            "des_2": "",
            "color_des_2": "#ffffff",
            "button_2": "",
            "link_2": "shopify:\/\/collections\/ptf-intercoolers",
            "color_button_2": "#ffffff",
            "border_color_button_2": "#232323",
            "bg_color_button_2": "#232323",
            "bg_gradient_color_button_2": "",
            "color_button_hover_2": "#ffffff",
            "border_color_button_hover_2": "#232323",
            "bg_color_button_hover_2": "#232323",
            "bg_gradient_color_button_hover_2": "",
            "btn_icon_2": "",
            "enable_item_3": true,
            "item_width_3": "50%",
            "item_spacing_3": 30,
            "image_3": "shopify:\/\/shop_images\/ALL_KIES_PRODUCTS_edff90d3-09e4-4cbe-a34c-5bb82e2723d7.jpg",
            "sub_title_3": "",
            "color_sub_title_3": "#ffffff",
            "title_3": "",
            "color_title_3": "#ffffff",
            "des_3": "",
            "color_des_3": "#ffffff",
            "button_3": "",
            "link_3": "shopify:\/\/collections\/kies-motorsports",
            "color_button_3": "#ffffff",
            "border_color_button_3": "#232323",
            "bg_color_button_3": "#232323",
            "bg_gradient_color_button_3": "",
            "color_button_hover_3": "#ffffff",
            "border_color_button_hover_3": "#232323",
            "bg_color_button_hover_3": "#232323",
            "bg_gradient_color_button_hover_3": "",
            "btn_icon_3": "",
            "enable_item_4": true,
            "item_width_4": "50%",
            "item_spacing_4": 30,
            "image_4": "shopify:\/\/shop_images\/DAHLER_ELECTRONICS_836645c7-b41a-4086-b119-521b781d2535.jpg",
            "sub_title_4": "",
            "color_sub_title_4": "#ffffff",
            "title_4": "",
            "color_title_4": "#ffffff",
            "des_4": "",
            "color_des_4": "#ffffff",
            "button_4": "",
            "link_4": "shopify:\/\/collections\/dahler-discount",
            "color_button_4": "#ffffff",
            "border_color_button_4": "#232323",
            "bg_color_button_4": "#232323",
            "bg_gradient_color_button_4": "",
            "color_button_hover_4": "#ffffff",
            "border_color_button_hover_4": "#232323",
            "bg_color_button_hover_4": "#232323",
            "bg_gradient_color_button_hover_4": "",
            "btn_icon_4": ""
          }
        },
        "9e912973-1e31-4dfa-938c-3937260da0f3": {
          "type": "smallImg",
          "settings": {
            "item_width": "50%",
            "item_grid_gap": 15,
            "item_border_radirus": 0,
            "title_align": "left",
            "align_items": "bottom",
            "align_items_spacing": 15,
            "align_items_spacing_lr": 30,
            "border_sub_title": false,
            "fontsize_sub_title": 18,
            "mg_bottom_sub_title": 10,
            "fontsize_title": 24,
            "fontsize_title_mb": 20,
            "mg_bottom_title": 5,
            "mg_bottom_title_mb": 5,
            "enable_style_italic": false,
            "fontsize_des": 16,
            "mg_bottom_des": 0,
            "mg_bottom_des_mb": 20,
            "fontsize_btn": 16,
            "button_width": 190,
            "bg_opacity_button": 1,
            "btn_text_transform": "uppercase",
            "image_behavior": "none",
            "enable_item_1": true,
            "item_width_1": "50%",
            "item_spacing_1": 50,
            "image_1": "shopify:\/\/shop_images\/TURBOSMART_2a0abaf7-585f-41b2-806b-4d2ef0d6494b.jpg",
            "sub_title_1": "",
            "color_sub_title_1": "#ffffff",
            "title_1": "",
            "color_title_1": "#ffffff",
            "des_1": "",
            "color_des_1": "#ffffff",
            "button_1": "",
            "link_1": "shopify:\/\/collections\/turbosmart",
            "color_button_1": "#ffffff",
            "border_color_button_1": "#232323",
            "bg_color_button_1": "#232323",
            "bg_gradient_color_button_1": "",
            "color_button_hover_1": "#ffffff",
            "border_color_button_hover_1": "#232323",
            "bg_color_button_hover_1": "#232323",
            "bg_gradient_color_button_hover_1": "",
            "btn_icon_1": "",
            "enable_item_2": true,
            "item_width_2": "50%",
            "item_spacing_2": 50,
            "image_2": "shopify:\/\/shop_images\/P3_GAUGES_4bbf4484-8937-410a-ad89-0048c2d97115.jpg",
            "sub_title_2": "",
            "color_sub_title_2": "#ffffff",
            "title_2": "",
            "color_title_2": "#ffffff",
            "des_2": "",
            "color_des_2": "#ffffff",
            "button_2": "",
            "link_2": "shopify:\/\/collections\/p3-cars",
            "color_button_2": "#ffffff",
            "border_color_button_2": "#232323",
            "bg_color_button_2": "#232323",
            "bg_gradient_color_button_2": "",
            "color_button_hover_2": "#ffffff",
            "border_color_button_hover_2": "#232323",
            "bg_color_button_hover_2": "#232323",
            "bg_gradient_color_button_hover_2": "",
            "btn_icon_2": "",
            "enable_item_3": true,
            "item_width_3": "50%",
            "item_spacing_3": 30,
            "image_3": "shopify:\/\/shop_images\/MST_INTAKES_af898cac-c899-4922-b8bc-40162eeed63a.jpg",
            "sub_title_3": "",
            "color_sub_title_3": "#ffffff",
            "title_3": "",
            "color_title_3": "#ffffff",
            "des_3": "",
            "color_des_3": "#ffffff",
            "button_3": "",
            "link_3": "shopify:\/\/collections\/mst",
            "color_button_3": "#ffffff",
            "border_color_button_3": "#232323",
            "bg_color_button_3": "#232323",
            "bg_gradient_color_button_3": "",
            "color_button_hover_3": "#ffffff",
            "border_color_button_hover_3": "#232323",
            "bg_color_button_hover_3": "#232323",
            "bg_gradient_color_button_hover_3": "",
            "btn_icon_3": "",
            "enable_item_4": true,
            "item_width_4": "50%",
            "item_spacing_4": 30,
            "image_4": "shopify:\/\/shop_images\/TLG_MUD_FLAPS_85054364-ecb7-4c45-8c66-6a62c4e27d25.jpg",
            "sub_title_4": "",
            "color_sub_title_4": "#ffffff",
            "title_4": "",
            "color_title_4": "#ffffff",
            "des_4": "",
            "color_des_4": "#ffffff",
            "button_4": "",
            "link_4": "shopify:\/\/collections\/tlg-mud-flaps",
            "color_button_4": "#ffffff",
            "border_color_button_4": "#232323",
            "bg_color_button_4": "#232323",
            "bg_gradient_color_button_4": "",
            "color_button_hover_4": "#ffffff",
            "border_color_button_hover_4": "#232323",
            "bg_color_button_hover_4": "#232323",
            "bg_gradient_color_button_hover_4": "",
            "btn_icon_4": ""
          }
        }
      },
      "block_order": [
        "83c88a6b-2af4-4cea-a5c9-bf767723b895",
        "92f0979d-8113-4263-a3d1-1d2234250fc4",
        "9e912973-1e31-4dfa-938c-3937260da0f3"
      ],
      "settings": {
        "container": "container",
        "padding_full_width": 30,
        "custom_image_banner_block_swipe_on_mobile": "list",
        "item_distance": 15,
        "custom_image_banner_bg": "#ffffff",
        "custom_image_banner_bg_gradient": "",
        "mg_top_desktop": 50,
        "mg_top_tablet": 50,
        "mg_top_mobile": 50,
        "mg_bottom_desktop": 20,
        "mg_bottom_tablet": 20,
        "mg_bottom_mobile": 20,
        "title_align": "center",
        "custom_image_banner_title": "MOVING SALE!",
        "enable_border_title": true,
        "color_title": "#173149",
        "fontsize_title": 30,
        "fontsize_title_mb": 22,
        "margin_bottom_title": 25,
        "custom_image_banner_des": "ALL ACTIVE DEALS ARE LISTED BELOW!",
        "color_des": "#173149",
        "fontsize_des": 14
      }
    },
    "d2451901-0ad8-4306-b23b-5a81e855a66a": {
      "type": "custom-image-banner",
      "blocks": {
        "be9b05e1-4e5d-4224-88e3-16368a275d66": {
          "type": "smallImg",
          "disabled": true,
          "settings": {
            "item_width": "50%",
            "item_grid_gap": 15,
            "item_border_radirus": 0,
            "title_align": "left",
            "align_items": "bottom",
            "align_items_spacing": 15,
            "align_items_spacing_lr": 30,
            "border_sub_title": false,
            "fontsize_sub_title": 18,
            "mg_bottom_sub_title": 10,
            "fontsize_title": 24,
            "fontsize_title_mb": 20,
            "mg_bottom_title": 5,
            "mg_bottom_title_mb": 5,
            "enable_style_italic": false,
            "fontsize_des": 16,
            "mg_bottom_des": 0,
            "mg_bottom_des_mb": 20,
            "fontsize_btn": 16,
            "button_width": 190,
            "bg_opacity_button": 1,
            "btn_text_transform": "uppercase",
            "image_behavior": "none",
            "enable_item_1": true,
            "item_width_1": "50%",
            "item_spacing_1": 50,
            "image_1": "shopify:\/\/shop_images\/KG_SPLITTERS_93a871d6-32f6-4b33-9fd5-8537ccb80fc7.jpg",
            "sub_title_1": "",
            "color_sub_title_1": "#ffffff",
            "title_1": "",
            "color_title_1": "#ffffff",
            "des_1": "",
            "color_des_1": "#ffffff",
            "button_1": "",
            "link_1": "shopify:\/\/collections\/kg-splitters",
            "color_button_1": "#ffffff",
            "border_color_button_1": "#232323",
            "bg_color_button_1": "#232323",
            "bg_gradient_color_button_1": "",
            "color_button_hover_1": "#ffffff",
            "border_color_button_hover_1": "#232323",
            "bg_color_button_hover_1": "#232323",
            "bg_gradient_color_button_hover_1": "",
            "btn_icon_1": "",
            "enable_item_2": true,
            "item_width_2": "50%",
            "item_spacing_2": 50,
            "image_2": "shopify:\/\/shop_images\/KC_DESIGNS_9b2fe196-2c16-463d-ab43-af496fe58e55.jpg",
            "sub_title_2": "",
            "color_sub_title_2": "#ffffff",
            "title_2": "",
            "color_title_2": "#ffffff",
            "des_2": "",
            "color_des_2": "#ffffff",
            "button_2": "",
            "link_2": "shopify:\/\/collections\/kc-design",
            "color_button_2": "#ffffff",
            "border_color_button_2": "#232323",
            "bg_color_button_2": "#232323",
            "bg_gradient_color_button_2": "",
            "color_button_hover_2": "#ffffff",
            "border_color_button_hover_2": "#232323",
            "bg_color_button_hover_2": "#232323",
            "bg_gradient_color_button_hover_2": "",
            "btn_icon_2": "",
            "enable_item_3": true,
            "item_width_3": "50%",
            "item_spacing_3": 30,
            "image_3": "shopify:\/\/shop_images\/DME_UNLOCKS.jpg",
            "sub_title_3": "",
            "color_sub_title_3": "#ffffff",
            "title_3": "",
            "color_title_3": "#ffffff",
            "des_3": "",
            "color_des_3": "#ffffff",
            "button_3": "",
            "link_3": "shopify:\/\/collections\/dme-unlock",
            "color_button_3": "#ffffff",
            "border_color_button_3": "#232323",
            "bg_color_button_3": "#232323",
            "bg_gradient_color_button_3": "",
            "color_button_hover_3": "#ffffff",
            "border_color_button_hover_3": "#232323",
            "bg_color_button_hover_3": "#232323",
            "bg_gradient_color_button_hover_3": "",
            "btn_icon_3": "",
            "enable_item_4": true,
            "item_width_4": "50%",
            "item_spacing_4": 30,
            "image_4": "shopify:\/\/shop_images\/INPOWER_TRANS_PAN_eb8e43d9-1bb4-4aec-8a3f-5459ad0f8821.jpg",
            "sub_title_4": "",
            "color_sub_title_4": "#ffffff",
            "title_4": "",
            "color_title_4": "#ffffff",
            "des_4": "",
            "color_des_4": "#ffffff",
            "button_4": "",
            "link_4": "shopify:\/\/collections\/inpower",
            "color_button_4": "#ffffff",
            "border_color_button_4": "#232323",
            "bg_color_button_4": "#232323",
            "bg_gradient_color_button_4": "",
            "color_button_hover_4": "#ffffff",
            "border_color_button_hover_4": "#232323",
            "bg_color_button_hover_4": "#232323",
            "bg_gradient_color_button_hover_4": "",
            "btn_icon_4": ""
          }
        },
        "a6d8829b-c9e4-4db5-9d6c-33a49d895a94": {
          "type": "smallImg",
          "disabled": true,
          "settings": {
            "item_width": "50%",
            "item_grid_gap": 15,
            "item_border_radirus": 0,
            "title_align": "left",
            "align_items": "bottom",
            "align_items_spacing": 15,
            "align_items_spacing_lr": 30,
            "border_sub_title": false,
            "fontsize_sub_title": 18,
            "mg_bottom_sub_title": 10,
            "fontsize_title": 24,
            "fontsize_title_mb": 20,
            "mg_bottom_title": 5,
            "mg_bottom_title_mb": 5,
            "enable_style_italic": false,
            "fontsize_des": 16,
            "mg_bottom_des": 0,
            "mg_bottom_des_mb": 20,
            "fontsize_btn": 16,
            "button_width": 190,
            "bg_opacity_button": 1,
            "btn_text_transform": "uppercase",
            "image_behavior": "none",
            "enable_item_1": true,
            "item_width_1": "50%",
            "item_spacing_1": 50,
            "image_1": "shopify:\/\/shop_images\/KIES_CARBON_bcdf4cff-9d1b-43ba-9dac-a68eb549b185.jpg",
            "sub_title_1": "",
            "color_sub_title_1": "#ffffff",
            "title_1": "",
            "color_title_1": "#ffffff",
            "des_1": "",
            "color_des_1": "#ffffff",
            "button_1": "",
            "link_1": "shopify:\/\/collections\/kies-carbon",
            "color_button_1": "#ffffff",
            "border_color_button_1": "#232323",
            "bg_color_button_1": "#232323",
            "bg_gradient_color_button_1": "",
            "color_button_hover_1": "#ffffff",
            "border_color_button_hover_1": "#232323",
            "bg_color_button_hover_1": "#232323",
            "bg_gradient_color_button_hover_1": "",
            "btn_icon_1": "",
            "enable_item_2": true,
            "item_width_2": "50%",
            "item_spacing_2": 50,
            "image_2": "shopify:\/\/shop_images\/KIES_BUMPERS_f092b261-e8af-4a4d-aec2-40124c3bf322.jpg",
            "sub_title_2": "",
            "color_sub_title_2": "#ffffff",
            "title_2": "",
            "color_title_2": "#ffffff",
            "des_2": "",
            "color_des_2": "#ffffff",
            "button_2": "",
            "link_2": "shopify:\/\/collections\/kies-bumpers",
            "color_button_2": "#ffffff",
            "border_color_button_2": "#232323",
            "bg_color_button_2": "#232323",
            "bg_gradient_color_button_2": "",
            "color_button_hover_2": "#ffffff",
            "border_color_button_hover_2": "#232323",
            "bg_color_button_hover_2": "#232323",
            "bg_gradient_color_button_hover_2": "",
            "btn_icon_2": "",
            "enable_item_3": true,
            "item_width_3": "50%",
            "item_spacing_3": 30,
            "image_3": "shopify:\/\/shop_images\/MOPHIE_2.jpg",
            "sub_title_3": "",
            "color_sub_title_3": "#ffffff",
            "title_3": "",
            "color_title_3": "#ffffff",
            "des_3": "",
            "color_des_3": "#ffffff",
            "button_3": "",
            "link_3": "shopify:\/\/products\/powerstation-go-rugged-ac",
            "color_button_3": "#ffffff",
            "border_color_button_3": "#232323",
            "bg_color_button_3": "#232323",
            "bg_gradient_color_button_3": "",
            "color_button_hover_3": "#ffffff",
            "border_color_button_hover_3": "#232323",
            "bg_color_button_hover_3": "#232323",
            "bg_gradient_color_button_hover_3": "",
            "btn_icon_3": "",
            "enable_item_4": true,
            "item_width_4": "50%",
            "item_spacing_4": 30,
            "image_4": "shopify:\/\/shop_images\/KIES_ELECTRONICS_37ad794c-d584-4fcb-bdd2-3aa72355b7e4.jpg",
            "sub_title_4": "",
            "color_sub_title_4": "#ffffff",
            "title_4": "",
            "color_title_4": "#ffffff",
            "des_4": "",
            "color_des_4": "#ffffff",
            "button_4": "",
            "link_4": "shopify:\/\/collections\/kies-electronics",
            "color_button_4": "#ffffff",
            "border_color_button_4": "#232323",
            "bg_color_button_4": "#232323",
            "bg_gradient_color_button_4": "",
            "color_button_hover_4": "#ffffff",
            "border_color_button_hover_4": "#232323",
            "bg_color_button_hover_4": "#232323",
            "bg_gradient_color_button_hover_4": "",
            "btn_icon_4": ""
          }
        }
      },
      "block_order": [
        "be9b05e1-4e5d-4224-88e3-16368a275d66",
        "a6d8829b-c9e4-4db5-9d6c-33a49d895a94"
      ],
      "settings": {
        "container": "container",
        "padding_full_width": 30,
        "custom_image_banner_block_swipe_on_mobile": "list",
        "item_distance": 15,
        "custom_image_banner_bg": "#ffffff",
        "custom_image_banner_bg_gradient": "",
        "mg_top_desktop": 0,
        "mg_top_tablet": 0,
        "mg_top_mobile": 0,
        "mg_bottom_desktop": 20,
        "mg_bottom_tablet": 20,
        "mg_bottom_mobile": 20,
        "title_align": "center",
        "custom_image_banner_title": "",
        "enable_border_title": false,
        "color_title": "#173149",
        "fontsize_title": 30,
        "fontsize_title_mb": 22,
        "margin_bottom_title": 25,
        "custom_image_banner_des": "",
        "color_des": "#173149",
        "fontsize_des": 14
      }
    },
    "fc4c84c1-632e-491a-a4e6-f3879a6eab01": {
      "type": "custom-image-banner",
      "blocks": {
        "f37f4dcb-d1e0-494b-b653-c90b3166360c": {
          "type": "smallImg",
          "disabled": true,
          "settings": {
            "item_width": "50%",
            "item_grid_gap": 15,
            "item_border_radirus": 0,
            "title_align": "left",
            "align_items": "bottom",
            "align_items_spacing": 15,
            "align_items_spacing_lr": 30,
            "border_sub_title": false,
            "fontsize_sub_title": 18,
            "mg_bottom_sub_title": 10,
            "fontsize_title": 24,
            "fontsize_title_mb": 20,
            "mg_bottom_title": 5,
            "mg_bottom_title_mb": 5,
            "enable_style_italic": false,
            "fontsize_des": 16,
            "mg_bottom_des": 0,
            "mg_bottom_des_mb": 20,
            "fontsize_btn": 16,
            "button_width": 190,
            "bg_opacity_button": 1,
            "btn_text_transform": "uppercase",
            "image_behavior": "none",
            "enable_item_1": true,
            "item_width_1": "50%",
            "item_spacing_1": 50,
            "image_1": "shopify:\/\/shop_images\/MOSSELMAN_7b354f2d-2085-493e-9f82-ee9474561db7.jpg",
            "sub_title_1": "",
            "color_sub_title_1": "#ffffff",
            "title_1": "",
            "color_title_1": "#ffffff",
            "des_1": "",
            "color_des_1": "#ffffff",
            "button_1": "",
            "link_1": "shopify:\/\/collections\/mosselman",
            "color_button_1": "#ffffff",
            "border_color_button_1": "#232323",
            "bg_color_button_1": "#232323",
            "bg_gradient_color_button_1": "",
            "color_button_hover_1": "#ffffff",
            "border_color_button_hover_1": "#232323",
            "bg_color_button_hover_1": "#232323",
            "bg_gradient_color_button_hover_1": "",
            "btn_icon_1": "",
            "enable_item_2": false,
            "item_width_2": "50%",
            "item_spacing_2": 50,
            "image_2": "shopify:\/\/shop_images\/P3_GAUGES_4bbf4484-8937-410a-ad89-0048c2d97115.jpg",
            "sub_title_2": "",
            "color_sub_title_2": "#ffffff",
            "title_2": "",
            "color_title_2": "#ffffff",
            "des_2": "",
            "color_des_2": "#ffffff",
            "button_2": "",
            "link_2": "shopify:\/\/collections\/p3-cars",
            "color_button_2": "#ffffff",
            "border_color_button_2": "#232323",
            "bg_color_button_2": "#232323",
            "bg_gradient_color_button_2": "",
            "color_button_hover_2": "#ffffff",
            "border_color_button_hover_2": "#232323",
            "bg_color_button_hover_2": "#232323",
            "bg_gradient_color_button_hover_2": "",
            "btn_icon_2": "",
            "enable_item_3": false,
            "item_width_3": "50%",
            "item_spacing_3": 30,
            "image_3": "shopify:\/\/shop_images\/TURBOSMART_8bf6af28-b494-4f6d-824c-104503c15806.jpg",
            "sub_title_3": "",
            "color_sub_title_3": "#ffffff",
            "title_3": "",
            "color_title_3": "#ffffff",
            "des_3": "",
            "color_des_3": "#ffffff",
            "button_3": "",
            "link_3": "shopify:\/\/collections\/turbosmart",
            "color_button_3": "#ffffff",
            "border_color_button_3": "#232323",
            "bg_color_button_3": "#232323",
            "bg_gradient_color_button_3": "",
            "color_button_hover_3": "#ffffff",
            "border_color_button_hover_3": "#232323",
            "bg_color_button_hover_3": "#232323",
            "bg_gradient_color_button_hover_3": "",
            "btn_icon_3": "",
            "enable_item_4": false,
            "item_width_4": "50%",
            "item_spacing_4": 30,
            "image_4": "shopify:\/\/shop_images\/VARIANT_WHEELS_f520e480-b3b4-458d-9175-27970f92db60.jpg",
            "sub_title_4": "",
            "color_sub_title_4": "#ffffff",
            "title_4": "",
            "color_title_4": "#ffffff",
            "des_4": "",
            "color_des_4": "#ffffff",
            "button_4": "",
            "link_4": "shopify:\/\/collections\/variant-wheels",
            "color_button_4": "#ffffff",
            "border_color_button_4": "#232323",
            "bg_color_button_4": "#232323",
            "bg_gradient_color_button_4": "",
            "color_button_hover_4": "#ffffff",
            "border_color_button_hover_4": "#232323",
            "bg_color_button_hover_4": "#232323",
            "bg_gradient_color_button_hover_4": "",
            "btn_icon_4": ""
          }
        },
        "0c284280-8a0b-4175-8b6f-0d02b5d5c99e": {
          "type": "smallImg",
          "disabled": true,
          "settings": {
            "item_width": "50%",
            "item_grid_gap": 15,
            "item_border_radirus": 0,
            "title_align": "left",
            "align_items": "bottom",
            "align_items_spacing": 15,
            "align_items_spacing_lr": 30,
            "border_sub_title": false,
            "fontsize_sub_title": 18,
            "mg_bottom_sub_title": 10,
            "fontsize_title": 24,
            "fontsize_title_mb": 20,
            "mg_bottom_title": 5,
            "mg_bottom_title_mb": 5,
            "enable_style_italic": false,
            "fontsize_des": 16,
            "mg_bottom_des": 0,
            "mg_bottom_des_mb": 20,
            "fontsize_btn": 16,
            "button_width": 190,
            "bg_opacity_button": 1,
            "btn_text_transform": "uppercase",
            "image_behavior": "none",
            "enable_item_1": true,
            "item_width_1": "50%",
            "item_spacing_1": 50,
            "image_1": "shopify:\/\/shop_images\/ADRO_CARBON_b0ff00d3-8d70-4b67-9073-4b89a8d335dc.jpg",
            "sub_title_1": "",
            "color_sub_title_1": "#ffffff",
            "title_1": "",
            "color_title_1": "#ffffff",
            "des_1": "",
            "color_des_1": "#ffffff",
            "button_1": "",
            "link_1": "shopify:\/\/collections\/adro",
            "color_button_1": "#ffffff",
            "border_color_button_1": "#232323",
            "bg_color_button_1": "#232323",
            "bg_gradient_color_button_1": "",
            "color_button_hover_1": "#ffffff",
            "border_color_button_hover_1": "#232323",
            "bg_color_button_hover_1": "#232323",
            "bg_gradient_color_button_hover_1": "",
            "btn_icon_1": "",
            "enable_item_2": true,
            "item_width_2": "50%",
            "item_spacing_2": 50,
            "image_2": "shopify:\/\/shop_images\/APEX_WHEELS_1843bc02-3a09-4a0b-813f-67589b708839.jpg",
            "sub_title_2": "",
            "color_sub_title_2": "#ffffff",
            "title_2": "",
            "color_title_2": "#ffffff",
            "des_2": "",
            "color_des_2": "#ffffff",
            "button_2": "",
            "link_2": "shopify:\/\/collections\/apex",
            "color_button_2": "#ffffff",
            "border_color_button_2": "#232323",
            "bg_color_button_2": "#232323",
            "bg_gradient_color_button_2": "",
            "color_button_hover_2": "#ffffff",
            "border_color_button_hover_2": "#232323",
            "bg_color_button_hover_2": "#232323",
            "bg_gradient_color_button_hover_2": "",
            "btn_icon_2": "",
            "enable_item_3": true,
            "item_width_3": "50%",
            "item_spacing_3": 30,
            "image_3": "shopify:\/\/shop_images\/INPOWER.jpg",
            "sub_title_3": "",
            "color_sub_title_3": "#ffffff",
            "title_3": "",
            "color_title_3": "#ffffff",
            "des_3": "",
            "color_des_3": "#ffffff",
            "button_3": "",
            "link_3": "shopify:\/\/collections\/inpower",
            "color_button_3": "#ffffff",
            "border_color_button_3": "#232323",
            "bg_color_button_3": "#232323",
            "bg_gradient_color_button_3": "",
            "color_button_hover_3": "#ffffff",
            "border_color_button_hover_3": "#232323",
            "bg_color_button_hover_3": "#232323",
            "bg_gradient_color_button_hover_3": "",
            "btn_icon_3": "",
            "enable_item_4": false,
            "item_width_4": "50%",
            "item_spacing_4": 30,
            "image_4": "shopify:\/\/shop_images\/PTF_INTERCOOLERS_319f4e27-6e96-4e09-848a-e9e4f10ff6e7.jpg",
            "sub_title_4": "",
            "color_sub_title_4": "#ffffff",
            "title_4": "",
            "color_title_4": "#ffffff",
            "des_4": "",
            "color_des_4": "#ffffff",
            "button_4": "",
            "link_4": "shopify:\/\/collections\/ptf-intercoolers",
            "color_button_4": "#ffffff",
            "border_color_button_4": "#232323",
            "bg_color_button_4": "#232323",
            "bg_gradient_color_button_4": "",
            "color_button_hover_4": "#ffffff",
            "border_color_button_hover_4": "#232323",
            "bg_color_button_hover_4": "#232323",
            "bg_gradient_color_button_hover_4": "",
            "btn_icon_4": ""
          }
        },
        "ea671d56-b2d2-442b-a302-3817ace27596": {
          "type": "smallImg",
          "disabled": true,
          "settings": {
            "item_width": "50%",
            "item_grid_gap": 15,
            "item_border_radirus": 0,
            "title_align": "left",
            "align_items": "bottom",
            "align_items_spacing": 15,
            "align_items_spacing_lr": 30,
            "border_sub_title": false,
            "fontsize_sub_title": 18,
            "mg_bottom_sub_title": 10,
            "fontsize_title": 24,
            "fontsize_title_mb": 20,
            "mg_bottom_title": 5,
            "mg_bottom_title_mb": 5,
            "enable_style_italic": false,
            "fontsize_des": 16,
            "mg_bottom_des": 0,
            "mg_bottom_des_mb": 20,
            "fontsize_btn": 16,
            "button_width": 190,
            "bg_opacity_button": 1,
            "btn_text_transform": "uppercase",
            "image_behavior": "none",
            "enable_item_1": false,
            "item_width_1": "50%",
            "item_spacing_1": 50,
            "image_1": "shopify:\/\/shop_images\/TURBOSMART_950e3740-07af-468f-b9f6-d767dc67a50c.jpg",
            "sub_title_1": "",
            "color_sub_title_1": "#ffffff",
            "title_1": "",
            "color_title_1": "#ffffff",
            "des_1": "",
            "color_des_1": "#ffffff",
            "button_1": "",
            "link_1": "shopify:\/\/collections\/turbosmart",
            "color_button_1": "#ffffff",
            "border_color_button_1": "#232323",
            "bg_color_button_1": "#232323",
            "bg_gradient_color_button_1": "",
            "color_button_hover_1": "#ffffff",
            "border_color_button_hover_1": "#232323",
            "bg_color_button_hover_1": "#232323",
            "bg_gradient_color_button_hover_1": "",
            "btn_icon_1": "",
            "enable_item_2": false,
            "item_width_2": "50%",
            "item_spacing_2": 50,
            "image_2": "shopify:\/\/shop_images\/VARIANT_WHEELS.jpg",
            "sub_title_2": "",
            "color_sub_title_2": "#ffffff",
            "title_2": "",
            "color_title_2": "#ffffff",
            "des_2": "",
            "color_des_2": "#ffffff",
            "button_2": "",
            "link_2": "shopify:\/\/collections\/variant-wheels",
            "color_button_2": "#ffffff",
            "border_color_button_2": "#232323",
            "bg_color_button_2": "#232323",
            "bg_gradient_color_button_2": "",
            "color_button_hover_2": "#ffffff",
            "border_color_button_hover_2": "#232323",
            "bg_color_button_hover_2": "#232323",
            "bg_gradient_color_button_hover_2": "",
            "btn_icon_2": "",
            "enable_item_3": false,
            "item_width_3": "50%",
            "item_spacing_3": 30,
            "image_3": "shopify:\/\/shop_images\/AWE_EXHAUSTS.jpg",
            "sub_title_3": "",
            "color_sub_title_3": "#ffffff",
            "title_3": "",
            "color_title_3": "#ffffff",
            "des_3": "",
            "color_des_3": "#ffffff",
            "button_3": "",
            "link_3": "shopify:\/\/collections\/awe-exhausts",
            "color_button_3": "#ffffff",
            "border_color_button_3": "#232323",
            "bg_color_button_3": "#232323",
            "bg_gradient_color_button_3": "",
            "color_button_hover_3": "#ffffff",
            "border_color_button_hover_3": "#232323",
            "bg_color_button_hover_3": "#232323",
            "bg_gradient_color_button_hover_3": "",
            "btn_icon_3": "",
            "enable_item_4": false,
            "item_width_4": "50%",
            "item_spacing_4": 30,
            "image_4": "shopify:\/\/shop_images\/NOSTRUM_93a33d41-8efc-43d3-8524-7548def7a2f5.jpg",
            "sub_title_4": "",
            "color_sub_title_4": "#ffffff",
            "title_4": "",
            "color_title_4": "#ffffff",
            "des_4": "",
            "color_des_4": "#ffffff",
            "button_4": "",
            "link_4": "shopify:\/\/collections\/nostrum-high-performance",
            "color_button_4": "#ffffff",
            "border_color_button_4": "#232323",
            "bg_color_button_4": "#232323",
            "bg_gradient_color_button_4": "",
            "color_button_hover_4": "#ffffff",
            "border_color_button_hover_4": "#232323",
            "bg_color_button_hover_4": "#232323",
            "bg_gradient_color_button_hover_4": "",
            "btn_icon_4": ""
          }
        },
        "114df084-94bb-427b-93e3-13121948cda7": {
          "type": "smallImg",
          "disabled": true,
          "settings": {
            "item_width": "50%",
            "item_grid_gap": 15,
            "item_border_radirus": 0,
            "title_align": "left",
            "align_items": "bottom",
            "align_items_spacing": 15,
            "align_items_spacing_lr": 30,
            "border_sub_title": false,
            "fontsize_sub_title": 18,
            "mg_bottom_sub_title": 10,
            "fontsize_title": 24,
            "fontsize_title_mb": 20,
            "mg_bottom_title": 5,
            "mg_bottom_title_mb": 5,
            "enable_style_italic": false,
            "fontsize_des": 16,
            "mg_bottom_des": 0,
            "mg_bottom_des_mb": 20,
            "fontsize_btn": 16,
            "button_width": 190,
            "bg_opacity_button": 1,
            "btn_text_transform": "uppercase",
            "image_behavior": "none",
            "enable_item_1": false,
            "item_width_1": "50%",
            "item_spacing_1": 50,
            "image_1": "shopify:\/\/shop_images\/VALVETRONIC_1b952cc0-2889-4eac-aec2-d8eab4dcbde5.jpg",
            "sub_title_1": "",
            "color_sub_title_1": "#ffffff",
            "title_1": "",
            "color_title_1": "#ffffff",
            "des_1": "",
            "color_des_1": "#ffffff",
            "button_1": "",
            "link_1": "shopify:\/\/collections\/valvetronic-designs",
            "color_button_1": "#ffffff",
            "border_color_button_1": "#232323",
            "bg_color_button_1": "#232323",
            "bg_gradient_color_button_1": "",
            "color_button_hover_1": "#ffffff",
            "border_color_button_hover_1": "#232323",
            "bg_color_button_hover_1": "#232323",
            "bg_gradient_color_button_hover_1": "",
            "btn_icon_1": "",
            "enable_item_2": false,
            "item_width_2": "50%",
            "item_spacing_2": 50,
            "image_2": "shopify:\/\/shop_images\/PRECISION_RACEWORKS_e565f24b-463f-4ef4-bc5c-57e5e5836d8c.jpg",
            "sub_title_2": "",
            "color_sub_title_2": "#ffffff",
            "title_2": "",
            "color_title_2": "#ffffff",
            "des_2": "",
            "color_des_2": "#ffffff",
            "button_2": "",
            "link_2": "shopify:\/\/collections\/precision-raceworks",
            "color_button_2": "#ffffff",
            "border_color_button_2": "#232323",
            "bg_color_button_2": "#232323",
            "bg_gradient_color_button_2": "",
            "color_button_hover_2": "#ffffff",
            "border_color_button_hover_2": "#232323",
            "bg_color_button_hover_2": "#232323",
            "bg_gradient_color_button_hover_2": "",
            "btn_icon_2": "",
            "enable_item_3": false,
            "item_width_3": "50%",
            "item_spacing_3": 30,
            "image_3": "shopify:\/\/shop_images\/DO88.jpg",
            "sub_title_3": "",
            "color_sub_title_3": "#ffffff",
            "title_3": "",
            "color_title_3": "#ffffff",
            "des_3": "",
            "color_des_3": "#ffffff",
            "button_3": "",
            "link_3": "shopify:\/\/collections\/do88",
            "color_button_3": "#ffffff",
            "border_color_button_3": "#232323",
            "bg_color_button_3": "#232323",
            "bg_gradient_color_button_3": "",
            "color_button_hover_3": "#ffffff",
            "border_color_button_hover_3": "#232323",
            "bg_color_button_hover_3": "#232323",
            "bg_gradient_color_button_hover_3": "",
            "btn_icon_3": "",
            "enable_item_4": false,
            "item_width_4": "50%",
            "item_spacing_4": 30,
            "image_4": "shopify:\/\/shop_images\/P3_GAUGES_d4b45312-4c12-45b0-b369-de845bce8bd7.jpg",
            "sub_title_4": "",
            "color_sub_title_4": "#ffffff",
            "title_4": "",
            "color_title_4": "#ffffff",
            "des_4": "",
            "color_des_4": "#ffffff",
            "button_4": "",
            "link_4": "shopify:\/\/collections\/p3-cars",
            "color_button_4": "#ffffff",
            "border_color_button_4": "#232323",
            "bg_color_button_4": "#232323",
            "bg_gradient_color_button_4": "",
            "color_button_hover_4": "#ffffff",
            "border_color_button_hover_4": "#232323",
            "bg_color_button_hover_4": "#232323",
            "bg_gradient_color_button_hover_4": "",
            "btn_icon_4": ""
          }
        }
      },
      "block_order": [
        "f37f4dcb-d1e0-494b-b653-c90b3166360c",
        "0c284280-8a0b-4175-8b6f-0d02b5d5c99e",
        "ea671d56-b2d2-442b-a302-3817ace27596",
        "114df084-94bb-427b-93e3-13121948cda7"
      ],
      "settings": {
        "container": "container",
        "padding_full_width": 30,
        "custom_image_banner_block_swipe_on_mobile": "list",
        "item_distance": 15,
        "custom_image_banner_bg": "#ffffff",
        "custom_image_banner_bg_gradient": "",
        "mg_top_desktop": 0,
        "mg_top_tablet": 0,
        "mg_top_mobile": 0,
        "mg_bottom_desktop": 0,
        "mg_bottom_tablet": 0,
        "mg_bottom_mobile": 0,
        "title_align": "center",
        "custom_image_banner_title": "",
        "enable_border_title": false,
        "color_title": "#173149",
        "fontsize_title": 30,
        "fontsize_title_mb": 22,
        "margin_bottom_title": 25,
        "custom_image_banner_des": "",
        "color_des": "#173149",
        "fontsize_des": 14
      }
    },
    "f4ac451a-f767-4e5d-aebe-e54cc0bb943b": {
      "type": "custom-image-banner",
      "blocks": {
        "32338c97-1854-4f60-bc24-b187ccee7cce": {
          "type": "smallImg",
          "disabled": true,
          "settings": {
            "item_width": "50%",
            "item_grid_gap": 15,
            "item_border_radirus": 0,
            "title_align": "left",
            "align_items": "bottom",
            "align_items_spacing": 15,
            "align_items_spacing_lr": 30,
            "border_sub_title": false,
            "fontsize_sub_title": 18,
            "mg_bottom_sub_title": 10,
            "fontsize_title": 24,
            "fontsize_title_mb": 20,
            "mg_bottom_title": 5,
            "mg_bottom_title_mb": 5,
            "enable_style_italic": false,
            "fontsize_des": 16,
            "mg_bottom_des": 0,
            "mg_bottom_des_mb": 20,
            "fontsize_btn": 16,
            "button_width": 190,
            "bg_opacity_button": 1,
            "btn_text_transform": "uppercase",
            "image_behavior": "none",
            "enable_item_1": false,
            "item_width_1": "50%",
            "item_spacing_1": 50,
            "image_1": "shopify:\/\/shop_images\/VRSF_9e1a0be7-7cd2-4cdc-8ec5-48ce6296d831.jpg",
            "sub_title_1": "",
            "color_sub_title_1": "#ffffff",
            "title_1": "",
            "color_title_1": "#ffffff",
            "des_1": "",
            "color_des_1": "#ffffff",
            "button_1": "",
            "link_1": "shopify:\/\/collections\/vrsf",
            "color_button_1": "#ffffff",
            "border_color_button_1": "#232323",
            "bg_color_button_1": "#232323",
            "bg_gradient_color_button_1": "",
            "color_button_hover_1": "#ffffff",
            "border_color_button_hover_1": "#232323",
            "bg_color_button_hover_1": "#232323",
            "bg_gradient_color_button_hover_1": "",
            "btn_icon_1": "",
            "enable_item_2": false,
            "item_width_2": "50%",
            "item_spacing_2": 50,
            "image_2": "shopify:\/\/shop_images\/VRSF.jpg",
            "sub_title_2": "",
            "color_sub_title_2": "#ffffff",
            "title_2": "",
            "color_title_2": "#ffffff",
            "des_2": "",
            "color_des_2": "#ffffff",
            "button_2": "",
            "link_2": "shopify:\/\/collections\/vrsf",
            "color_button_2": "#ffffff",
            "border_color_button_2": "#232323",
            "bg_color_button_2": "#232323",
            "bg_gradient_color_button_2": "",
            "color_button_hover_2": "#ffffff",
            "border_color_button_hover_2": "#232323",
            "bg_color_button_hover_2": "#232323",
            "bg_gradient_color_button_hover_2": "",
            "btn_icon_2": "",
            "enable_item_3": false,
            "item_width_3": "50%",
            "item_spacing_3": 30,
            "image_3": "shopify:\/\/shop_images\/EIBACH_e4ed8599-a850-401c-8fcd-897346db25f9.jpg",
            "sub_title_3": "",
            "color_sub_title_3": "#ffffff",
            "title_3": "",
            "color_title_3": "#ffffff",
            "des_3": "",
            "color_des_3": "#ffffff",
            "button_3": "",
            "link_3": "shopify:\/\/collections\/eibach",
            "color_button_3": "#ffffff",
            "border_color_button_3": "#232323",
            "bg_color_button_3": "#232323",
            "bg_gradient_color_button_3": "",
            "color_button_hover_3": "#ffffff",
            "border_color_button_hover_3": "#232323",
            "bg_color_button_hover_3": "#232323",
            "bg_gradient_color_button_hover_3": "",
            "btn_icon_3": "",
            "enable_item_4": false,
            "item_width_4": "50%",
            "item_spacing_4": 30,
            "image_4": "shopify:\/\/shop_images\/MOTORSPORT_HARDWARE.jpg",
            "sub_title_4": "",
            "color_sub_title_4": "#ffffff",
            "title_4": "",
            "color_title_4": "#ffffff",
            "des_4": "",
            "color_des_4": "#ffffff",
            "button_4": "",
            "link_4": "shopify:\/\/collections\/motorsport-hardware",
            "color_button_4": "#ffffff",
            "border_color_button_4": "#232323",
            "bg_color_button_4": "#232323",
            "bg_gradient_color_button_4": "",
            "color_button_hover_4": "#ffffff",
            "border_color_button_hover_4": "#232323",
            "bg_color_button_hover_4": "#232323",
            "bg_gradient_color_button_hover_4": "",
            "btn_icon_4": ""
          }
        },
        "c07bce49-6dff-4761-832e-c933d1b8144f": {
          "type": "smallImg",
          "disabled": true,
          "settings": {
            "item_width": "50%",
            "item_grid_gap": 15,
            "item_border_radirus": 0,
            "title_align": "left",
            "align_items": "bottom",
            "align_items_spacing": 15,
            "align_items_spacing_lr": 30,
            "border_sub_title": false,
            "fontsize_sub_title": 18,
            "mg_bottom_sub_title": 10,
            "fontsize_title": 24,
            "fontsize_title_mb": 20,
            "mg_bottom_title": 5,
            "mg_bottom_title_mb": 5,
            "enable_style_italic": false,
            "fontsize_des": 16,
            "mg_bottom_des": 0,
            "mg_bottom_des_mb": 20,
            "fontsize_btn": 16,
            "button_width": 190,
            "bg_opacity_button": 1,
            "btn_text_transform": "uppercase",
            "image_behavior": "none",
            "enable_item_1": false,
            "item_width_1": "50%",
            "item_spacing_1": 50,
            "image_1": "shopify:\/\/shop_images\/VOSSEN_WHEELS_ae873bcb-0ef7-477b-b92a-91504aecdfd3.jpg",
            "sub_title_1": "",
            "color_sub_title_1": "#ffffff",
            "title_1": "",
            "color_title_1": "#ffffff",
            "des_1": "",
            "color_des_1": "#ffffff",
            "button_1": "",
            "link_1": "shopify:\/\/collections\/vossen",
            "color_button_1": "#ffffff",
            "border_color_button_1": "#232323",
            "bg_color_button_1": "#232323",
            "bg_gradient_color_button_1": "",
            "color_button_hover_1": "#ffffff",
            "border_color_button_hover_1": "#232323",
            "bg_color_button_hover_1": "#232323",
            "bg_gradient_color_button_hover_1": "",
            "btn_icon_1": "",
            "enable_item_2": false,
            "item_width_2": "50%",
            "item_spacing_2": 50,
            "image_2": "shopify:\/\/shop_images\/APEX_fe47dda9-a6c7-4c52-be68-fe01d5e3b774.jpg",
            "sub_title_2": "",
            "color_sub_title_2": "#ffffff",
            "title_2": "",
            "color_title_2": "#ffffff",
            "des_2": "",
            "color_des_2": "#ffffff",
            "button_2": "",
            "link_2": "shopify:\/\/collections\/apex",
            "color_button_2": "#ffffff",
            "border_color_button_2": "#232323",
            "bg_color_button_2": "#232323",
            "bg_gradient_color_button_2": "",
            "color_button_hover_2": "#ffffff",
            "border_color_button_hover_2": "#232323",
            "bg_color_button_hover_2": "#232323",
            "bg_gradient_color_button_hover_2": "",
            "btn_icon_2": "",
            "enable_item_3": false,
            "item_width_3": "50%",
            "item_spacing_3": 30,
            "image_3": "shopify:\/\/shop_images\/INPOWER_TRANS_PAN.jpg",
            "sub_title_3": "",
            "color_sub_title_3": "#ffffff",
            "title_3": "",
            "color_title_3": "#ffffff",
            "des_3": "",
            "color_des_3": "#ffffff",
            "button_3": "",
            "link_3": "shopify:\/\/collections\/inpower",
            "color_button_3": "#ffffff",
            "border_color_button_3": "#232323",
            "bg_color_button_3": "#232323",
            "bg_gradient_color_button_3": "",
            "color_button_hover_3": "#ffffff",
            "border_color_button_hover_3": "#232323",
            "bg_color_button_hover_3": "#232323",
            "bg_gradient_color_button_hover_3": "",
            "btn_icon_3": "",
            "enable_item_4": false,
            "item_width_4": "50%",
            "item_spacing_4": 30,
            "image_4": "shopify:\/\/shop_images\/PTF_INTERCOOLERS.jpg",
            "sub_title_4": "",
            "color_sub_title_4": "#ffffff",
            "title_4": "",
            "color_title_4": "#ffffff",
            "des_4": "",
            "color_des_4": "#ffffff",
            "button_4": "",
            "link_4": "shopify:\/\/collections\/ptf-intercoolers",
            "color_button_4": "#ffffff",
            "border_color_button_4": "#232323",
            "bg_color_button_4": "#232323",
            "bg_gradient_color_button_4": "",
            "color_button_hover_4": "#ffffff",
            "border_color_button_hover_4": "#232323",
            "bg_color_button_hover_4": "#232323",
            "bg_gradient_color_button_hover_4": "",
            "btn_icon_4": ""
          }
        },
        "8861a34d-994e-405b-97c3-2dfa4adc49ab": {
          "type": "smallImg",
          "disabled": true,
          "settings": {
            "item_width": "50%",
            "item_grid_gap": 15,
            "item_border_radirus": 0,
            "title_align": "left",
            "align_items": "bottom",
            "align_items_spacing": 15,
            "align_items_spacing_lr": 30,
            "border_sub_title": false,
            "fontsize_sub_title": 18,
            "mg_bottom_sub_title": 10,
            "fontsize_title": 24,
            "fontsize_title_mb": 20,
            "mg_bottom_title": 5,
            "mg_bottom_title_mb": 5,
            "enable_style_italic": false,
            "fontsize_des": 16,
            "mg_bottom_des": 0,
            "mg_bottom_des_mb": 20,
            "fontsize_btn": 16,
            "button_width": 190,
            "bg_opacity_button": 1,
            "btn_text_transform": "uppercase",
            "image_behavior": "none",
            "enable_item_1": true,
            "item_width_1": "50%",
            "item_spacing_1": 50,
            "image_1": "shopify:\/\/shop_images\/TURBOSMART.jpg",
            "sub_title_1": "",
            "color_sub_title_1": "#ffffff",
            "title_1": "",
            "color_title_1": "#ffffff",
            "des_1": "",
            "color_des_1": "#ffffff",
            "button_1": "",
            "link_1": "shopify:\/\/collections\/turbosmart",
            "color_button_1": "#ffffff",
            "border_color_button_1": "#232323",
            "bg_color_button_1": "#232323",
            "bg_gradient_color_button_1": "",
            "color_button_hover_1": "#ffffff",
            "border_color_button_hover_1": "#232323",
            "bg_color_button_hover_1": "#232323",
            "bg_gradient_color_button_hover_1": "",
            "btn_icon_1": "",
            "enable_item_2": true,
            "item_width_2": "50%",
            "item_spacing_2": 50,
            "image_2": "shopify:\/\/shop_images\/VARIANT.jpg",
            "sub_title_2": "",
            "color_sub_title_2": "#ffffff",
            "title_2": "",
            "color_title_2": "#ffffff",
            "des_2": "",
            "color_des_2": "#ffffff",
            "button_2": "",
            "link_2": "shopify:\/\/collections\/variant-wheels",
            "color_button_2": "#ffffff",
            "border_color_button_2": "#232323",
            "bg_color_button_2": "#232323",
            "bg_gradient_color_button_2": "",
            "color_button_hover_2": "#ffffff",
            "border_color_button_hover_2": "#232323",
            "bg_color_button_hover_2": "#232323",
            "bg_gradient_color_button_hover_2": "",
            "btn_icon_2": "",
            "enable_item_3": true,
            "item_width_3": "50%",
            "item_spacing_3": 30,
            "image_3": "shopify:\/\/shop_images\/AWE_21249eee-0aeb-4013-90a8-f74044295b19.jpg",
            "sub_title_3": "",
            "color_sub_title_3": "#ffffff",
            "title_3": "",
            "color_title_3": "#ffffff",
            "des_3": "",
            "color_des_3": "#ffffff",
            "button_3": "",
            "link_3": "shopify:\/\/collections\/awe",
            "color_button_3": "#ffffff",
            "border_color_button_3": "#232323",
            "bg_color_button_3": "#232323",
            "bg_gradient_color_button_3": "",
            "color_button_hover_3": "#ffffff",
            "border_color_button_hover_3": "#232323",
            "bg_color_button_hover_3": "#232323",
            "bg_gradient_color_button_hover_3": "",
            "btn_icon_3": "",
            "enable_item_4": true,
            "item_width_4": "50%",
            "item_spacing_4": 30,
            "image_4": "shopify:\/\/shop_images\/NOSTRUM.jpg",
            "sub_title_4": "",
            "color_sub_title_4": "#ffffff",
            "title_4": "",
            "color_title_4": "#ffffff",
            "des_4": "",
            "color_des_4": "#ffffff",
            "button_4": "",
            "link_4": "shopify:\/\/collections\/nostrum-high-performance",
            "color_button_4": "#ffffff",
            "border_color_button_4": "#232323",
            "bg_color_button_4": "#232323",
            "bg_gradient_color_button_4": "",
            "color_button_hover_4": "#ffffff",
            "border_color_button_hover_4": "#232323",
            "bg_color_button_hover_4": "#232323",
            "bg_gradient_color_button_hover_4": "",
            "btn_icon_4": ""
          }
        },
        "50d2c5fc-87d4-4335-8d7e-bf9a3e238e7c": {
          "type": "smallImg",
          "disabled": true,
          "settings": {
            "item_width": "50%",
            "item_grid_gap": 15,
            "item_border_radirus": 0,
            "title_align": "left",
            "align_items": "bottom",
            "align_items_spacing": 15,
            "align_items_spacing_lr": 30,
            "border_sub_title": false,
            "fontsize_sub_title": 18,
            "mg_bottom_sub_title": 10,
            "fontsize_title": 24,
            "fontsize_title_mb": 20,
            "mg_bottom_title": 5,
            "mg_bottom_title_mb": 5,
            "enable_style_italic": false,
            "fontsize_des": 16,
            "mg_bottom_des": 0,
            "mg_bottom_des_mb": 20,
            "fontsize_btn": 16,
            "button_width": 190,
            "bg_opacity_button": 1,
            "btn_text_transform": "uppercase",
            "image_behavior": "none",
            "enable_item_1": true,
            "item_width_1": "50%",
            "item_spacing_1": 50,
            "image_1": "shopify:\/\/shop_images\/VALVETRONIC.jpg",
            "sub_title_1": "",
            "color_sub_title_1": "#ffffff",
            "title_1": "",
            "color_title_1": "#ffffff",
            "des_1": "",
            "color_des_1": "#ffffff",
            "button_1": "",
            "link_1": "shopify:\/\/collections\/valvetronic-designs",
            "color_button_1": "#ffffff",
            "border_color_button_1": "#232323",
            "bg_color_button_1": "#232323",
            "bg_gradient_color_button_1": "",
            "color_button_hover_1": "#ffffff",
            "border_color_button_hover_1": "#232323",
            "bg_color_button_hover_1": "#232323",
            "bg_gradient_color_button_hover_1": "",
            "btn_icon_1": "",
            "enable_item_2": true,
            "item_width_2": "50%",
            "item_spacing_2": 50,
            "image_2": "shopify:\/\/shop_images\/PRECISION_RACEWORKS.jpg",
            "sub_title_2": "",
            "color_sub_title_2": "#ffffff",
            "title_2": "",
            "color_title_2": "#ffffff",
            "des_2": "",
            "color_des_2": "#ffffff",
            "button_2": "",
            "link_2": "shopify:\/\/collections\/precision-raceworks",
            "color_button_2": "#ffffff",
            "border_color_button_2": "#232323",
            "bg_color_button_2": "#232323",
            "bg_gradient_color_button_2": "",
            "color_button_hover_2": "#ffffff",
            "border_color_button_hover_2": "#232323",
            "bg_color_button_hover_2": "#232323",
            "bg_gradient_color_button_hover_2": "",
            "btn_icon_2": "",
            "enable_item_3": true,
            "item_width_3": "50%",
            "item_spacing_3": 30,
            "image_3": "shopify:\/\/shop_images\/D088.jpg",
            "sub_title_3": "",
            "color_sub_title_3": "#ffffff",
            "title_3": "",
            "color_title_3": "#ffffff",
            "des_3": "",
            "color_des_3": "#ffffff",
            "button_3": "",
            "link_3": "shopify:\/\/collections\/do88",
            "color_button_3": "#ffffff",
            "border_color_button_3": "#232323",
            "bg_color_button_3": "#232323",
            "bg_gradient_color_button_3": "",
            "color_button_hover_3": "#ffffff",
            "border_color_button_hover_3": "#232323",
            "bg_color_button_hover_3": "#232323",
            "bg_gradient_color_button_hover_3": "",
            "btn_icon_3": "",
            "enable_item_4": true,
            "item_width_4": "50%",
            "item_spacing_4": 30,
            "image_4": "shopify:\/\/shop_images\/P3_GAUGES.jpg",
            "sub_title_4": "",
            "color_sub_title_4": "#ffffff",
            "title_4": "",
            "color_title_4": "#ffffff",
            "des_4": "",
            "color_des_4": "#ffffff",
            "button_4": "",
            "link_4": "shopify:\/\/collections\/p3-cars",
            "color_button_4": "#ffffff",
            "border_color_button_4": "#232323",
            "bg_color_button_4": "#232323",
            "bg_gradient_color_button_4": "",
            "color_button_hover_4": "#ffffff",
            "border_color_button_hover_4": "#232323",
            "bg_color_button_hover_4": "#232323",
            "bg_gradient_color_button_hover_4": "",
            "btn_icon_4": ""
          }
        }
      },
      "block_order": [
        "32338c97-1854-4f60-bc24-b187ccee7cce",
        "c07bce49-6dff-4761-832e-c933d1b8144f",
        "8861a34d-994e-405b-97c3-2dfa4adc49ab",
        "50d2c5fc-87d4-4335-8d7e-bf9a3e238e7c"
      ],
      "disabled": true,
      "settings": {
        "container": "container",
        "padding_full_width": 30,
        "custom_image_banner_block_swipe_on_mobile": "list",
        "item_distance": 15,
        "custom_image_banner_bg": "#ffffff",
        "custom_image_banner_bg_gradient": "",
        "mg_top_desktop": 0,
        "mg_top_tablet": 0,
        "mg_top_mobile": 0,
        "mg_bottom_desktop": 0,
        "mg_bottom_tablet": 0,
        "mg_bottom_mobile": 0,
        "title_align": "center",
        "custom_image_banner_title": "",
        "enable_border_title": false,
        "color_title": "#173149",
        "fontsize_title": 30,
        "fontsize_title_mb": 22,
        "margin_bottom_title": 25,
        "custom_image_banner_des": "",
        "color_des": "#173149",
        "fontsize_des": 14
      }
    }
  },
  "order": [
    "main",
    "2fe59714-36b4-4a78-b0be-f9ba405cadf2",
    "d2451901-0ad8-4306-b23b-5a81e855a66a",
    "fc4c84c1-632e-491a-a4e6-f3879a6eab01",
    "f4ac451a-f767-4e5d-aebe-e54cc0bb943b"
  ]
}
