{"sections":{"build_your_kit_67iryU":{"type":"build-your-kit","disabled":true,"settings":{"selected_collection":"","build_name":"","product_list":["kelford-cams-285-280-stage-2-supra-a90-mk5","kelford-cams-mk5-supra-valve-springs-retainers","h-r-2019-bmw-330i-sedan-2wd-g20-sport-spring-non-adaptive-susp-1","kies-motorsports-bmw-g80-2021-2022-lemon-yellow-drl-headlights","jq-werks-madtrace®-clubsport-magnetic-paddle-shifters-for-bmw-mini-supra","csf-toyota-a90-a91-supra-bmw-g-series-b58-charge-air-cooler-manifold-machined-billet-aluminum","bmw-oem-g22-g23-3-4-series-g8x-m3-m4-m-performance-carbon-fiber-alcantara-interior-trim-kit","dahler-performance-exhaust-for-bmw-m340i-sedan-g20-touring-g21","2017-bmw-3-series-g20-bull-horn-style-dry-carbon-fiber-full-replacement-mirror-covers","bmw-high-gloss-black-front-trim-set-bmw-g20-includes-left-and-right","bmw-g20-3-series-carbon-fiber-m4-inspired-trunk-spoiler","dahler-anti-theft-throttle-commander-power-pedal","pure-drivetrain-solutions-zf-8hp51-stage-3-toyota-mk5-supra-transmission-rebuild","dorch-engineering-gen2-b58-flex-fuel-eca-plug-and-play","precision-racewerks-g8x-g2x-stand-alone-auxiliary-fuel-system","genuine-bmw-g20-g21-g22-g23-g80-m3-g82-g83-m4-m-performance-alcantara-arm-rest","kies-bmw-fire-extinguisher-seat-mounts","burger-motorsports-3-5-gallon-stealth-water-methanol-injection-wmi-tank-for-g20-g22-g80-m3-g82-m4-bmw","aem-v2-diesel-water-methanol-injection-kit-no-tank-internal-map","vtt-bmw-carbon-fiber-driveshaft","mk5-toyota-supra-a90-a91-direct-fit-axle-set","pure-drivetrain-solutions-upgraded-flywheel","vtt-billet-bmw-transfer-case-bushing-inserts","a90-91-supra-g-series-bmw-gc-front-drag-brake-kit","a90-91-supra-g-series-bmw-gc-rear-drag-brake-kit","spl-parts-2020-toyota-gr-supra-a90-2019-bmw-z4-g29-rear-swaybar-endlinks","spl-rear-toe-links-eccentric-lockouts-toyota-supra-a90-gr-bmw-g2x-bmw-g42","solid-differential-mount-bushings-toyota-supra-gr-a90-bmw-g29","spl-rear-upper-arms-toyota-supra-a90-gr-bmw-g2x-bmw-g42","spl-parts-2020-toyota-gr-supra-a90-2019-bmw-z4-g29-rear-traction-links","vs-double-adjustable-drag-shock-kit-f-g-series-supra-1","hoosier-dr2-245-45-17","hoosier-dr2-275-40-17","antigravity-h7-group-94r-lithium-car-battery-w-re-start","sparco-seat-ultra-carbon-blk","sparco-side-mount-aluminum-90-black","ngk-laser-iridium-spark-plug-box-of-4-ngk-94201","vs-b58-3-5-exhaust-dump-tube","vtt-plug-and-play-wireless-xdrive-controller","kies-motorsports-g-series-bmw-wheel-spacers-5-x-120-black-finish","genuine-bmw-self-leveling-fixed-center-cap-set","bmw-g20-black-trim-exhaust-tips-right-and-left"],"enable_accordion":false,"accordion_group":"byk-group-1","start_open":false,"message":"This Item Is Out Of Stock","message_color":"#ff0000","product_list_modal":[],"product_oil_filter":[],"button_label":"","padding_top":100,"padding_bottom":100,"enable_countup":true,"general_title":"Performance Stats","show_number_1":true,"custom_number_1":"50","custom_number_1_prefix":"","custom_number_1_text":"Horsepower","show_number_2":true,"custom_number_2":"100","custom_number_2_prefix":"","custom_number_2_text":"Torque","show_number_3":false,"custom_number_3":"100","custom_number_3_prefix":"","custom_number_3_text":"Total","show_number_4":false,"custom_number_4":"0","custom_number_4_prefix":"","custom_number_4_text":"","show_number_5":false,"custom_number_5":"0","custom_number_5_prefix":"","custom_number_5_text":"","show_number_6":false,"custom_number_6":"0","custom_number_6_prefix":"","custom_number_6_text":"","show_number_7":false,"custom_number_7":"0","custom_number_7_prefix":"","custom_number_7_text":"","top_spacing":50,"bottom_spacing":50,"font_size":40,"font_color":"#000000"}},"main":{"type":"main-page","settings":{}},"resources_calculator_jFnhjj":{"type":"resources-calculator","settings":{"enable_ethanol_calculator":true,"enable_target_ethanol_calculator":true,"enable_turbo_compressor_sizing":true,"enable_fueling_calculator":true,"enable_fuel_injector_calculator":true,"enable_torque_calculator":true,"enable_ethpmph_calculator":true,"enable_ethpmph2_calculator":true,"enable_gforce_calculator":true,"enable_movdistance_calculator":true,"enable_cubic_inch_calculator":true,"enable_new_et_change_calculator":true,"enable_hp_needed_calculator":true}},"charts_AXwiH9":{"type":"charts","name":"Motorsports Double Chart","settings":{"heading1":"Performance Metrics (Line Chart)","chart_label1":"Performance Data","label1a":"Horsepower","value1a":500,"label2a":"Torque","value2a":600,"label3a":"Top Speed","value3a":320,"label4a":"Weight","value4a":1200,"heading2":"Category Comparison (Bar Chart)","chart_label2":"Category Data","label1b":"Engine","value1b":80,"label2b":"Suspension","value2b":60,"label3b":"Brakes","value3b":75,"label4b":"Aero","value4b":90}},"blocks_7Hq4nW":{"type":"_blocks","blocks":{"ai_gen_block_05e97a0_aPi4BP":{"type":"ai_gen_block_05e97a0","settings":{"bundle_title":"Build Your Bundle","title_size":32,"title_color":"#000000","product_1":"0850cc-fic-toyota-supra-5th-gen-j29-db-fuel-injector-clinic-injector-set-high-z","exclude_discount_1":false,"product_2":"1997-1999-bmw-m3-e36-manual-rwd-2wd-driveshaft-with-4-bolt-flange-at-differential","exclude_discount_2":false,"product_3":"2011-15-hyundai-elantra-1-8l-2-0l-air-intake-system-hyn-el18","exclude_discount_3":true,"product_4":"","exclude_discount_4":false,"product_5":"","exclude_discount_5":false,"product_6":"","exclude_discount_6":false,"product_7":"","exclude_discount_7":false,"product_8":"","exclude_discount_8":false,"card_height":250,"card_border_radius":8,"card_background":"#ffffff","card_border_color":"#e0e0e0","card_border_hover_color":"#999999","card_selected_border_color":"#000000","card_text_color":"#000000","card_price_color":"#000000","no_discount_text":"No discount available","no_discount_banner_bg":"#757575","no_discount_banner_text":"#ffffff","checkbox_background":"#ffffff","checkbox_border_color":"#cccccc","checkbox_checked_background":"#000000","checkbox_check_color":"#ffffff","tier_1_count":1,"tier_1_discount":5,"tier_2_count":2,"tier_2_discount":10,"tier_3_count":3,"tier_3_discount":15,"tier_4_count":0,"tier_4_discount":20,"tier_5_count":0,"tier_5_discount":25,"summary_background":"#f9f9f9","summary_border_color":"#e0e0e0","summary_border_radius":8,"summary_text_color":"#000000","total_text_color":"#000000","discount_text_color":"#d32f2f","discount_badge_background":"#d32f2f","discount_badge_text_color":"#ffffff","button_text":"Add Bundle to Cart","button_background":"#000000","button_hover_background":"#333333","button_text_color":"#ffffff","button_border_radius":4},"blocks":{}}},"block_order":["ai_gen_block_05e97a0_aPi4BP"],"name":"Product bundle builder","settings":{}}},"order":["build_your_kit_67iryU","main","resources_calculator_jFnhjj","charts_AXwiH9","blocks_7Hq4nW"]}