{"sections":{"build_your_kit_67iryU":{"type":"build-your-kit","disabled":true,"settings":{"selected_collection":"","build_name":"","product_list":[],"message":"This Item Is Out Of Stock","message_color":"#ff0000","product_list_modal":[],"product_oil_filter":[],"button_label":"","padding_top":100,"padding_bottom":100}},"main":{"type":"main-page","disabled":true,"settings":{}},"image_banner_LMkfVx":{"type":"image-banner","blocks":{"large_img_x9RBpL":{"type":"largeImg","settings":{"image":"shopify:\/\/shop_images\/FlashSale24_BannerWeb.png","enable_max_width_image":false,"custom_width_image":1170,"enable_scroll_down":false,"enable_custom_image":false,"image_behavior":"none","sub_title":"","border_sub_title":false,"font_size_sub_title":14,"font_size_sub_title_mb":14,"margin_bottom_sub_title":14,"sub_heading_font":"font_1","font_weight_sub_title":"700","sub_title_position":"sub_title_above","color_sub_title":"#232323","color_sub_title_mb":"#ffffff","heading":"","letter_spacing_heading":"","enable_style_italic":false,"font_size_heading":40,"font_size_heading_mb":24,"margin_bottom_heading":20,"font_weight_heading":"600","color_heading":"#232323","color_heading_mb":"#ffffff","border_title":"border_s1","border_color_title":"#232323","border_color_title_mobile":"#ffffff","text":"","font_size_des":12,"font_size_des_mb":12,"line_height_des":26,"margin_bottom_des":35,"color_des":"#232323","color_des_mb":"#ffffff","countdown":"","hide_countdown_fc":"countdown","countdown_style":"round","countdown_position":"countdown_below_desc","font_size_countdown_number":30,"font_size_countdown_text":14,"color_countdown":"#232323","color_countdown_mb":"#ffffff","countdown_margin_bottom":35,"content_width":475,"bg_color_content":"","align":"center","align_items":"center","position":"left","custom_horizontal":"","custom_vertical":"","btn_text":"","link":"","btn_icon":"","button_1_width":235,"enable_button_custom_border":false,"button_color":"#ffffff","button_border":"#232323","button_background":"#232323","button_background_gradient":"","button_color_hover":"#ffffff","button_border_hover":"#232323","button_background_hover":"#232323","button_background_gradient_hover":"","btn_text_2":"","link_2":"","btn_icon_2":"","button_color_2":"#ffffff","button_border_2":"#232323","button_background_2":"#232323","button_background_2_gradient":"","button_color_hover_2":"#ffffff","button_border_hover_2":"#232323","button_background_hover_2":"#232323","button_background_gradient_hover_2":"","video_link":"","adaptive_height_video":"56","icon_style":"style_1","color_icon":"#ffffff","bg_color_icon":"#000000","enable_custom_video_icon_position":false,"video_icon_horizontal_position":"","video_icon_vertical_position":"","video_icon_horizontal_position_mb":"","video_icon_vertical_position_mb":""}}},"block_order":["large_img_x9RBpL"],"settings":{"id_section":"","container":"fullwidth","padding_full_width":0,"image_banner_title":"","enable_border_title":false,"color_title":"#202020","fontsize_title":24,"fontsize_title_mb":20,"margin_bottom_title":25,"image_banner_des":"","color_des":"#202020","fontsize_des":16,"title_align":"center","style_bg":"none","bg_color":"","bg_color_gradient":"","display_type":"slide","list_gap":0,"enable_arrows":false,"arrows_position":"","enable_dots":false,"enable_autoplay":false,"mg_top_desktop":50,"mg_top_tablet":50,"mg_top_mobile":50,"mg_bottom_desktop":50,"mg_bottom_tablet":50,"mg_bottom_mobile":50}},"product_tab_block_zq9VdJ":{"type":"product-tab-block","blocks":{"product_tabs_AK4yG8":{"type":"ProductTabs","settings":{"title":"10% OFF","collection":"all-kies-products"}},"product_tabs_QJ8Qdd":{"type":"ProductTabs","settings":{"title":"15% OFF","collection":"flash-sale-15-off"}},"product_tabs_bxeYqB":{"type":"ProductTabs","settings":{"title":"20% OFF","collection":"flashsale-2024"}},"product_tabs_dgNAK4":{"type":"ProductTabs","settings":{"title":"Open Box","collection":"open-box"}}},"block_order":["product_tabs_AK4yG8","product_tabs_QJ8Qdd","product_tabs_bxeYqB","product_tabs_dgNAK4"],"settings":{"container":"container","padding_full_width":0,"product_bg":"#ffffff","product_bg_gradient":"","product_block_layout":"grid","product_block_title":"","fontsize_title":16,"fontsize_title_mb":16,"mg_bottom_title":12,"enable_border_title":true,"border_color_title":"#232323","enable_border_title2":false,"border_color_title2":"#232323","color_title":"#232323","title_align":"center","product_block_limit":8,"view_all_style":"style_1","view_all":"","font_weight_view_all":"400","mg_bottom_view":30,"link_view_all":"","color_view_all":"#3c3c3c","image_behavior":"none","product_block_per_row":"4","product_block_infinite_scroll":true,"min_width_button":"","product_block_dots":false,"product_block_dots_mb":true,"product_block_arrows":true,"product_block_arrows_mb":false,"product_block_arrows_custom_position":false,"product_block_progress_bar":false,"enable_infinite":true,"product_block_show":"5","product_block_per_view":"4","show_half":true,"scroll_height":4,"scroll_track_bg":"#202b3d","scroll_thumb_color":"#000000","scroll_thumb_hover_color":"#444444","enable_hover_drag_icon":true,"position":"left","width_banner":20,"tab_title_style":"style_1","mg_bottom_title_tab":24,"type_tab_font":"font_1","separation":true,"style_separation":"style1","color_separation":"","enable_scroll_title":true,"fontsize_tab":14,"fontsize_tab_mb":14,"font_weight_tab":"700","font_weight_active_tab":"700","spacing_between_title":24,"line_height_tab":20,"line_height_tab_mobile":24,"border_tab_radius":3,"min_width_tab":5,"border_width_tab":3,"tab_align":"center","color_tab":"#202b3d","border_color_tab":"","bg_color_tab":"#ffffff","bg_color_gradient_tab":"","color_tab_active":"#f8f8f8","bg_color_tab_active":"#202b3d","bg_color_gradient_tab_active":"","mg_top_desktop":50,"mg_top_tablet":50,"mg_top_mobile":50,"mg_bottom_desktop":50,"mg_bottom_tablet":50,"mg_bottom_mobile":50}}},"order":["build_your_kit_67iryU","main","image_banner_LMkfVx","product_tab_block_zq9VdJ"]}