{"sections":{"porsche_custom_assets_aNgdC3":{"type":"porsche-custom-assets","settings":{}},"build_your_kit_67iryU":{"type":"build-your-kit","disabled":true,"settings":{"selected_collection":"","build_name":"","product_list":["kelford-cams-285-280-stage-2-supra-a90-mk5","kelford-cams-mk5-supra-valve-springs-retainers","h-r-2019-bmw-330i-sedan-2wd-g20-sport-spring-non-adaptive-susp-1","kies-motorsports-bmw-g80-2021-2022-lemon-yellow-drl-headlights","jq-werks-madtrace®-clubsport-magnetic-paddle-shifters-for-bmw-mini-supra","csf-toyota-a90-a91-supra-bmw-g-series-b58-charge-air-cooler-manifold-machined-billet-aluminum","bmw-oem-g22-g23-3-4-series-g8x-m3-m4-m-performance-carbon-fiber-alcantara-interior-trim-kit","dahler-performance-exhaust-for-bmw-m340i-sedan-g20-touring-g21","2017-bmw-3-series-g20-bull-horn-style-dry-carbon-fiber-full-replacement-mirror-covers","bmw-high-gloss-black-front-trim-set-bmw-g20-includes-left-and-right","bmw-g20-3-series-carbon-fiber-m4-inspired-trunk-spoiler","dahler-anti-theft-throttle-commander-power-pedal","pure-drivetrain-solutions-zf-8hp51-stage-3-toyota-mk5-supra-transmission-rebuild","dorch-engineering-gen2-b58-flex-fuel-eca-plug-and-play","precision-racewerks-g8x-g2x-stand-alone-auxiliary-fuel-system","genuine-bmw-g20-g21-g22-g23-g80-m3-g82-g83-m4-m-performance-alcantara-arm-rest","kies-bmw-fire-extinguisher-seat-mounts","burger-motorsports-3-5-gallon-stealth-water-methanol-injection-wmi-tank-for-g20-g22-g80-m3-g82-m4-bmw","aem-v2-diesel-water-methanol-injection-kit-no-tank-internal-map","vtt-bmw-carbon-fiber-driveshaft","mk5-toyota-supra-a90-a91-direct-fit-axle-set","pure-drivetrain-solutions-upgraded-flywheel","vtt-billet-bmw-transfer-case-bushing-inserts","a90-91-supra-g-series-bmw-gc-front-drag-brake-kit","a90-91-supra-g-series-bmw-gc-rear-drag-brake-kit","spl-parts-2020-toyota-gr-supra-a90-2019-bmw-z4-g29-rear-swaybar-endlinks","spl-rear-toe-links-eccentric-lockouts-toyota-supra-a90-gr-bmw-g2x-bmw-g42","solid-differential-mount-bushings-toyota-supra-gr-a90-bmw-g29","spl-rear-upper-arms-toyota-supra-a90-gr-bmw-g2x-bmw-g42","spl-parts-2020-toyota-gr-supra-a90-2019-bmw-z4-g29-rear-traction-links","vs-double-adjustable-drag-shock-kit-f-g-series-supra-1","hoosier-dr2-245-45-17","hoosier-dr2-275-40-17","antigravity-h7-group-94r-lithium-car-battery-w-re-start","sparco-seat-ultra-carbon-blk","sparco-side-mount-aluminum-90-black","ngk-laser-iridium-spark-plug-box-of-4-ngk-94201","vs-b58-3-5-exhaust-dump-tube","vtt-plug-and-play-wireless-xdrive-controller","kies-motorsports-g-series-bmw-wheel-spacers-5-x-120-black-finish","genuine-bmw-self-leveling-fixed-center-cap-set","bmw-g20-black-trim-exhaust-tips-right-and-left"],"message":"This Item Is Out Of Stock","message_color":"#ff0000","product_list_modal":[],"product_oil_filter":[],"button_label":"","padding_top":100,"padding_bottom":100}},"main":{"type":"main-page","disabled":true,"settings":{}},"image_banner_LE4e9k":{"type":"image-banner","blocks":{"large_img_AR3KyX":{"type":"largeImg","settings":{"image":"shopify:\/\/shop_images\/gabriel-gurrola-u6BPMXgURuI-unsplash.jpg","enable_max_width_image":false,"custom_width_image":1170,"enable_scroll_down":false,"enable_custom_image":false,"image_behavior":"none","sub_title":"","border_sub_title":false,"font_size_sub_title":14,"font_size_sub_title_mb":14,"margin_bottom_sub_title":14,"sub_heading_font":"font_1","font_weight_sub_title":"700","sub_title_position":"sub_title_above","color_sub_title":"#ffffff","color_sub_title_mb":"#ffffff","heading":"Porsche","letter_spacing_heading":"","enable_style_italic":false,"font_size_heading":40,"font_size_heading_mb":18,"margin_bottom_heading":20,"font_weight_heading":"700","color_heading":"#ffffff","color_heading_mb":"#ffffff","border_title":"border_s1","border_color_title":"#aa71d8","border_color_title_mobile":"#ffffff","text":"Pellentesque posuere orci lobortis scelerisque blandit. Donec id tellus lacinia an tincidunt risus an consequat delit quisquemos.","font_size_des":16,"font_size_des_mb":12,"line_height_des":26,"margin_bottom_des":35,"color_des":"#ffffff","color_des_mb":"#ffffff","countdown":"","hide_countdown_fc":"countdown","countdown_style":"round","countdown_position":"countdown_below_desc","font_size_countdown_number":30,"font_size_countdown_text":14,"color_countdown":"#232323","color_countdown_mb":"#ffffff","countdown_margin_bottom":35,"content_width":475,"bg_color_content":"rgba(0,0,0,0)","align":"left","align_items":"center","position":"left","custom_horizontal":"","custom_vertical":"","btn_text":"Shop Now","link":"#","btn_icon":"","button_1_width":235,"enable_button_custom_border":false,"button_color":"#aa71d8","button_border":"#232323","button_background":"#232323","button_background_gradient":"","button_color_hover":"#ffffff","button_border_hover":"#232323","button_background_hover":"#232323","button_background_gradient_hover":"","btn_text_2":"","link_2":"#","btn_icon_2":"","button_color_2":"#ffffff","button_border_2":"#232323","button_background_2":"#232323","button_background_2_gradient":"","button_color_hover_2":"#ffffff","button_border_hover_2":"#232323","button_background_hover_2":"#232323","button_background_gradient_hover_2":"","video_link":"","adaptive_height_video":"56","icon_style":"style_1","color_icon":"#ffffff","bg_color_icon":"#000000","enable_custom_video_icon_position":false,"video_icon_horizontal_position":"","video_icon_vertical_position":"","video_icon_horizontal_position_mb":"","video_icon_vertical_position_mb":""}}},"block_order":["large_img_AR3KyX"],"settings":{"id_section":"","container":"fullwidth","padding_full_width":0,"image_banner_title":"","enable_border_title":false,"color_title":"#202020","fontsize_title":24,"fontsize_title_mb":20,"margin_bottom_title":25,"image_banner_des":"","color_des":"#202020","fontsize_des":16,"title_align":"center","style_bg":"none","bg_color":"","bg_color_gradient":"","display_type":"slide","list_gap":0,"enable_arrows":false,"arrows_position":"","enable_dots":false,"enable_autoplay":false,"mg_top_desktop":0,"mg_top_tablet":0,"mg_top_mobile":0,"mg_bottom_desktop":0,"mg_bottom_tablet":0,"mg_bottom_mobile":0}},"brand_slider_HJVWCF":{"type":"brand-slider","blocks":{"image_znVtf6":{"type":"image","settings":{"image":"shopify:\/\/shop_images\/Turbo-S.jpg","title":"992 Turbo S","color_text":"#2f628b","color_text_hover":"#ffffff","description":"<div class=\"vehicle-desc\">\n<p>2020 - 2025<\/p>\n<p><i>992 911 Porsche Turbo S<\/i><\/p>\n<\/div>","color_des":"#3d7eb2","link":"shopify:\/\/collections\/porsche-992-turbo"}},"image_DhFFWq":{"type":"image","settings":{"image":"shopify:\/\/shop_images\/Carrera-4S.jpg","title":"992 Carrera","color_text":"#394866","color_text_hover":"#ffffff","description":"<div class=\"vehicle-desc\">\n<p>2019 - PRESENT<\/p>\n<p><i>2 \/ 2S \/ 4 \/ 4S \/ GTS \/ 4 GTS<\/i><\/p>\n<\/div>","color_des":"#546b99","link":"shopify:\/\/collections\/porsche-992"}}},"block_order":["image_znVtf6","image_DhFFWq"],"custom_css":[],"settings":{"container":"fullwidth","padding_full_width":0,"brands_block_style":"style_1","brand_layout":"slider","scroll_from":"rtl","brand_scroll_time":"50","display_brand_border":false,"brand_bg":"#ffffff","brand_bg_gradient":"linear-gradient(180deg, rgba(167, 175, 176, 1) 2%, rgba(255, 255, 255, 1) 17%, rgba(255, 255, 255, 1) 86%)","title_align":"center","brand_title":"SLIDE TO PICK YOUR VEHICLE","color_title":"#000000","fontsize_title":17,"fontsize_title_mb":14,"mg_bottom_title":0,"enable_background_title":true,"enable_border_title":false,"border_color_title":"#202b3d","brand_des":"","color_des":"#3c3c3c","fontsize_des":10,"mg_bottom_des":0,"view_all":"","view_all_fs":10,"font_weight_view_all":"400","mg_bottom_view":0,"enable_border_view_all":true,"link_view_all":"","color_view_all":"#202b3d","icon_view_all":"","color_view_all_icon":"#eb492f","view_all_icon_side":"left","btn_text":"","fontsize_btn":10,"btn_spacing_top":0,"btn_color":"#828282","btn_link":"","enable_autoplay":true,"brand_speed":"5000","brand_rows":"5","enable_arrows":false,"enable_dots":false,"enable_center_mode":false,"style_position_arrows":"none","position_horizontal_arrow":15,"color_arrow":"#000000","arrow_background":"","arrow_background_gradient":"","arrow_border":"#000000","color_arrow_hover":"","arrow_background_hover":"","arrow_background_gradient_hover":"","arrow_border_hover":"","brand_rows_mb":"3","brand_image_ratio":"adapt","item_distance":0,"margin_bottom_image":5,"brand_item_border":"none","border_radius":0,"border_color":"#e2e5e7","border_color_hover":"#2d2d2d","hover_effect":"zoom","color_underline_image_hover":"#000000","fontsize_text":17,"fontsize_text_mb":13,"font_weight_title":"700","margin_bottom_title":0,"mg_top_desktop":20,"mg_top_tablet":20,"mg_top_mobile":20,"mg_bottom_desktop":20,"mg_bottom_tablet":20,"mg_bottom_mobile":10,"gap_desktop":0,"gap_tablet":0,"gap_mobile":0}},"featured_products_slider_rprEEj":{"type":"featured-products-slider","blocks":{"tab_Xkd8R4":{"type":"tab","settings":{"title":"Popular","products":["porsche-36mm-oil-filter-socket","3d-maxpider-11-18-porsche-cayenne-92a-volkswagen-touareg-11-17-elegant-black-r1-r2","3d-maxpider-12-19-porsche-911-conv-s-4-4s-gts-targa-turbo-t-gtz-kagu-1st-row-floormat-black","3d-maxpider-17-23-porsche-panamera-971-panamera-e-hybrid-971-20-23-elegant-black-r1-r2","3d-maxpider-19-21-porsche-cayenne-2021-cayenne-gts-elegant-hybrid-1st-row-floormat-black","3d-maxpider-19-24-porsche-cayenne-9y0-suv-cayenne-coupe-9y3-21-24-elegant-hybrid-black-r1-r2","3d-maxpider-19-24-porsche-cayenne-9y0-suv-elitect-black-r1-r2","3d-maxpider-20-23-porsche-taycan-9j1-kagu-front-floor-mat-black","3d-maxpider-20-23-porsche-taycan-9j1-kagu-rear-floor-mat-black","3d-maxpider-20-24-porsche-911-carrera-convertible-s-4-4s-992-kagu-2nd-row-floormat-black","3d-maxpider-2003-2010-porsche-volkswagen-cayenne-touareg-kagu-cargo-liner-black","3d-maxpider-2003-2010-porsche-volkswagen-cayenne-touareg-kagu-2nd-row-floormats-gray"]}},"tab_3YNm3w":{"type":"tab","settings":{"title":"Performance","products":["3d-maxpider-2005-2012-porsche-911-997-kagu-1st-row-floormat-black","3d-maxpider-2005-2012-porsche-911-997-kagu-2nd-row-floormats-black","3d-maxpider-2005-2012-porsche-911-997-kagu-2nd-row-floormats-gray","3d-maxpider-2005-2012-porsche-911-997-kagu-2nd-row-floormats-tan","3d-maxpider-2010-2016-porsche-panamera-kagu-1st-row-floormat-black","3d-maxpider-2010-2016-porsche-panamera-kagu-1st-row-floormat-gray","3d-maxpider-2010-2016-porsche-panamera-kagu-2nd-row-floormats-black","3d-maxpider-2010-2016-porsche-panamera-kagu-2nd-row-floormats-gray","3d-maxpider-2010-2016-porsche-panamera-kagu-2nd-row-floormats-tan","3d-maxpider-2011-2018-porsche-volkswagen-cayenne-touareg-kagu-cargo-liner-black","3d-maxpider-2011-2018-porsche-volkswagen-cayenne-touareg-kagu-1st-row-floormat-black","3d-maxpider-2011-2018-porsche-volkswagen-cayenne-touareg-kagu-2nd-row-floormats-black"]}},"tab_Pe988J":{"type":"tab","settings":{"title":"Electronics","products":["3d-maxpider-2014-2019-porsche-macan-kagu-1st-row-floormat-black","3d-maxpider-2014-2019-porsche-macan-kagu-2nd-row-floormats-black","3d-maxpider-2014-2019-porsche-macan-kagu-cargo-liner-black","3d-maxpider-2017-2019-porsche-panamera-kagu-1st-row-floormat-black","3d-maxpider-2017-2019-porsche-panamera-kagu-2nd-row-floormats-black","3d-maxpider-2019-2019-porsche-cayenne-kagu-1st-row-floormat-black","3d-maxpider-2019-2019-porsche-cayenne-kagu-1st-row-floormat-tan","3d-maxpider-2019-2019-porsche-cayenne-kagu-2nd-row-floormats-black","3d-maxpider-2019-2019-porsche-cayenne-kagu-2nd-row-floormats-tan","3d-maxpider-2019-2019-porsche-cayenne-kagu-cargo-liner-black"]}},"tab_NytCWN":{"type":"tab","settings":{"title":"Aesthetics","products":["3d-maxpider-21-23-porsche-taycan-kagu-black-r1-r2","3d-maxpider-custom-fit-kagu-floor-mat-black-compatible-for-porsche-boxster-cayman-718-2013-2023","carbon-fiber-arm-rest","987-1-997-1-carbon-fiber-mirrors","991-1-carbon-fiber-fan-shroud","991-1-carbon-fiber-rear-diffuser","991-2-718-carbon-fiber-arm-rest","996-986-porsche-carbon-fiber-mirrors","996-997-cup-style-tow-hook","active-autowerke-bmw-b46-f3x-230i-330i-430i-and-g2x-330e-gesi-catted-downpipe","active-autowerke-bmw-b46-g2x-230i-330i-430i-gesi-catted-downpipe","active-autowerke-bmw-b58-f3x-m240i-340i-440i-gesi-catted-downpipe","active-autowerke-bmw-g2x-g4x-b58-m340i-m440i-gesi-catted-downpipe","active-autowerke-bmw-n20-f3x-m228i-328i-428i-gesi-catted-downpipe"]}}},"block_order":["tab_Xkd8R4","tab_3YNm3w","tab_Pe988J","tab_NytCWN"],"settings":{}}},"order":["porsche_custom_assets_aNgdC3","build_your_kit_67iryU","main","image_banner_LE4e9k","brand_slider_HJVWCF","featured_products_slider_rprEEj"]}