{"sections":{"build_your_kit_67iryU":{"type":"build-your-kit","disabled":true,"settings":{"selected_collection":"","build_name":"","product_list":["kelford-cams-285-280-stage-2-supra-a90-mk5","kelford-cams-mk5-supra-valve-springs-retainers","h-r-2019-bmw-330i-sedan-2wd-g20-sport-spring-non-adaptive-susp-1","kies-motorsports-bmw-g80-2021-2022-lemon-yellow-drl-headlights","jq-werks-madtrace®-clubsport-magnetic-paddle-shifters-for-bmw-mini-supra","csf-toyota-a90-a91-supra-bmw-g-series-b58-charge-air-cooler-manifold-machined-billet-aluminum","bmw-oem-g22-g23-3-4-series-g8x-m3-m4-m-performance-carbon-fiber-alcantara-interior-trim-kit","dahler-performance-exhaust-for-bmw-m340i-sedan-g20-touring-g21","2017-bmw-3-series-g20-bull-horn-style-dry-carbon-fiber-full-replacement-mirror-covers","bmw-high-gloss-black-front-trim-set-bmw-g20-includes-left-and-right","bmw-g20-3-series-carbon-fiber-m4-inspired-trunk-spoiler","dahler-anti-theft-throttle-commander-power-pedal","pure-drivetrain-solutions-zf-8hp51-stage-3-toyota-mk5-supra-transmission-rebuild","dorch-engineering-gen2-b58-flex-fuel-eca-plug-and-play","precision-racewerks-g8x-g2x-stand-alone-auxiliary-fuel-system","genuine-bmw-g20-g21-g22-g23-g80-m3-g82-g83-m4-m-performance-alcantara-arm-rest","kies-bmw-fire-extinguisher-seat-mounts","burger-motorsports-3-5-gallon-stealth-water-methanol-injection-wmi-tank-for-g20-g22-g80-m3-g82-m4-bmw","aem-v2-diesel-water-methanol-injection-kit-no-tank-internal-map","vtt-bmw-carbon-fiber-driveshaft","mk5-toyota-supra-a90-a91-direct-fit-axle-set","pure-drivetrain-solutions-upgraded-flywheel","vtt-billet-bmw-transfer-case-bushing-inserts","a90-91-supra-g-series-bmw-gc-front-drag-brake-kit","a90-91-supra-g-series-bmw-gc-rear-drag-brake-kit","spl-parts-2020-toyota-gr-supra-a90-2019-bmw-z4-g29-rear-swaybar-endlinks","spl-rear-toe-links-eccentric-lockouts-toyota-supra-a90-gr-bmw-g2x-bmw-g42","solid-differential-mount-bushings-toyota-supra-gr-a90-bmw-g29","spl-rear-upper-arms-toyota-supra-a90-gr-bmw-g2x-bmw-g42","spl-parts-2020-toyota-gr-supra-a90-2019-bmw-z4-g29-rear-traction-links","vs-double-adjustable-drag-shock-kit-f-g-series-supra-1","hoosier-dr2-245-45-17","hoosier-dr2-275-40-17","antigravity-h7-group-94r-lithium-car-battery-w-re-start","sparco-seat-ultra-carbon-blk","sparco-side-mount-aluminum-90-black","ngk-laser-iridium-spark-plug-box-of-4-ngk-94201","vs-b58-3-5-exhaust-dump-tube","vtt-plug-and-play-wireless-xdrive-controller","kies-motorsports-g-series-bmw-wheel-spacers-5-x-120-black-finish","genuine-bmw-self-leveling-fixed-center-cap-set","bmw-g20-black-trim-exhaust-tips-right-and-left"],"message":"This Item Is Out Of Stock","message_color":"#ff0000","product_list_modal":[],"product_oil_filter":[],"button_label":"","padding_top":100,"padding_bottom":100}},"main":{"type":"main-page","settings":{}},"custom_press_banner_z7egme":{"type":"custom-press-banner","settings":{"container":"container","padding_full_width":0,"press_bg":"#fafafa","press_gradient":"","align_items":"center","press_image":"shopify:\/\/shop_images\/BU___MIR_CARD_landscape.png","press_image_width_ratio":60,"press_image_width":640,"sub_title":"","letter_spacing_sub_title":"","font_size_sub_title":14,"font_size_sub_title_mb":14,"margin_bottom_sub_title":14,"font_weight_sub_title":"700","sub_title_position":"sub_title_above","color_sub_title":"#232323","title":"Bimmers United","title_font_size":80,"title_font_size_mb":20,"title_font_weight":"700","mg_bottom_title":15,"title_color":"#000000","des":"at Maryland International Raceway\n<br><b>June 21, 2025-June 22, 2025<\/b>","des_font_size":12,"des_font_size_mb":12,"des_font_weight":"400","mg_bottom_des":15,"des_color":"#000000","item_spacing":120,"content_max_width":260,"button_text":"Sign Up Now!","button_link":"https:\/\/tickets.thefoat.com\/BimmersUnited\/event-246808\/clear_cart-1","fontsize_btn":16,"button_width":190,"color_button":"#fff","border_color_button":"#232323","bg_color_button":"#232323","bg_gradient_color_button":"","color_button_hover":"#fff","border_color_button_hover":"#232323","bg_color_button_hover":"#232323","bg_gradient_color_button_hover":"","btn_text_transform":"uppercase","image_behavior":"none","mg_top_desktop":50,"mg_top_tablet":50,"mg_top_mobile":50,"mg_bottom_desktop":50,"mg_bottom_tablet":50,"mg_bottom_mobile":50}}},"order":["build_your_kit_67iryU","main","custom_press_banner_z7egme"]}