{
  "sections": {
    "product_block_02_yAgNny": {
      "type": "product-block-02",
      "settings": {
        "container": "container",
        "padding_full_width": 0,
        "mg_top_desktop": 50,
        "mg_top_tablet": 50,
        "mg_top_mobile": 50,
        "mg_bottom_desktop": 50,
        "mg_bottom_tablet": 50,
        "mg_bottom_mobile": 50,
        "product_block_layout": "slider",
        "product_bg": "#fff",
        "product_bg_gradient": "",
        "product_block_title": "Trending Now",
        "enable_border_title": true,
        "fontsize_title": 16,
        "fontsize_title_mb": 16,
        "mg_bottom_title": 12,
        "mg_bottom_title_mb": 12,
        "border_color_title": "#232323",
        "color_title": "#232323",
        "view_all": "",
        "view_all_align": "center",
        "font_weight_view_all": "400",
        "mg_bottom_view": 30,
        "mg_bottom_view_mb": 0,
        "enable_border_view_all": true,
        "link_view_all": "",
        "color_view_all": "#3c3c3c",
        "icon_view_all": "",
        "color_view_all_icon": "#eb492f",
        "title_align": "center",
        "product_button_width": 270,
        "button_text": "Show More",
        "button_icon": "",
        "color_button": "#fff",
        "bg_color_button": "#232323",
        "border_color_button": "#232323",
        "product_block_collection": "",
        "product_block_limit": 8,
        "product_block_per_row": "3",
        "product_block_infinite_scroll": true,
        "product_block_swipe_on_mobile": true,
        "product_block_dots": false,
        "product_block_dots_mb": true,
        "product_block_arrows": true,
        "product_block_arrows_mb": false,
        "product_block_show": "5",
        "position_vertical_arrow": "70px",
        "product_block_title_02": "Featured Products",
        "view_all_02": "",
        "link_view_all_02": "",
        "product_block_collection_02": "",
        "enable_layout_special": false,
        "bg_card": "#fff",
        "padding_card": 15,
        "border_radius_card": 5,
        "border_layout_card": "full",
        "border_width_card": 5,
        "border_color_card": "#f0f1f4"
      }
    }
  },
  "order": [
    "product_block_02_yAgNny"
  ]
}
